Workbook
Name Consolidado: CONSOLIDADO!$C$13:$H$27

Sheet CONSOLIDADO
C1: MATRIZ DE INDICADORES SALUD PÚBLICA | L1: Fuente de datos: ASIS municipal, oficina de epidemiología o vigilancia en salud publica de cada municipio.
B2: RECOMENDACIONES. TODOS LOS VALORES ESTAN FORMULADOS, Y SON FORMULACION ESTANDAR INTERNACIONAL. LA FUENTE DE POBLACION DE REFERENCIA ES DANE AJUSTE COVID 2021. EN ALGUNOS INDICADORES DEBE SUMAR MUERTES FETALES A NACIMIENTOS PARA AJUSTAR DENOMINADOR. LAS FUENTES UTILIZADAS SON LAS MAS RELEVANTES, SI POSEE OTRA FUENTE DE INFORMACION INCLUYALA Y MODIFIQUE LA FUENTE. | L2: INDICADOR | M2: CASOS 2020 | N2: VALOR DEL INDICADOR 2020 CORTE 31/12/2020 | O2: CASOS 2021 | P2: VALOR DEL INDICADOR 2021 corte 31/12/2021 mortalidad | Q2: CASOS 2022 | R2: VALOR DEL INDICADOR 2022 | S2: CASOS 2023 | T2: VALOR DEL INDICADOR 2023 31-12-2023 | U2: CASOS 2024 | V2: VALOR DEL INDICADOR 2024 preliminar 31-12-2024 | W2: CASOS 2025 | X2: VALOR DEL INDICADOR 2024 preliminar 24-06-2025 | Y2: VALOR PROMEDIO INDICADOR CUATRENIO ANTERIOR | Z2: VALOR PROMEDIO CASOS CUATRENIO ANTERIOR | AA2: VALOR PROMEDIO INDICADOR PERIODO 2024-2025 | AB2: VALOR PROMEDIO CASOS PERIODO ACTUAL 2024-2025 | AC2: FUENTE
L3: TASA DE MORTALIDAD | M3: =CAJICA!M3+COTA!M4+CHIA!M3+ZIPAQUIRA!M3+TABIO!M3+TENJO!M3+SOPO!M3+GACHANCIPA!M3+TOCANCIPA!M3+NEMOCON!M3+COGUA!M3 -> 2236 | N3: =M3/C7*1000 -> 4.999251 | O3: =CAJICA!O3+COTA!O4+CHIA!O3+ZIPAQUIRA!O3+TABIO!O3+TENJO!O3+SOPO!O3+GACHANCIPA!O3+TOCANCIPA!O3+NEMOCON!O3+COGUA!O3 -> 3023 | P3: =O3/D7*1000 -> 6.5380115 | Q3: =CAJICA!Q3+COTA!Q4+CHIA!Q3+ZIPAQUIRA!Q3+TABIO!Q3+TENJO!Q3+SOPO!Q3+GACHANCIPA!Q3+TOCANCIPA!Q3+NEMOCON!Q3+COGUA!Q3 -> 2320 | R3: =Q3/E7*1000 -> 4.8645169 | S3: =CAJICA!S3+COTA!S4+CHIA!S3+ZIPAQUIRA!S3+TABIO!S3+TENJO!S3+SOPO!S3+GACHANCIPA!S3+TOCANCIPA!S3+NEMOCON!S3+COGUA!S3 -> 2081 | T3: =S3/F7*1000 -> 4.2312744 | U3: =CAJICA!U3+COTA!U4+CHIA!U3+ZIPAQUIRA!U3+TABIO!U3+TENJO!U3+SOPO!U3+GACHANCIPA!U3+TOCANCIPA!U3+NEMOCON!U3+COGUA!U3 -> 2195 | V3: =U3/G7*1000 -> #VALUE! | W3: =CAJICA!W3+COTA!W4+CHIA!W3+ZIPAQUIRA!W3+TABIO!W3+TENJO!W3+SOPO!W3+GACHANCIPA!W3+TOCANCIPA!W3+NEMOCON!W3+COGUA!W3 -> 1019 | X3: =W3/H7*1000 -> 1.957906 | Y3: =((M3+O3+Q3+S3)/4) -> 2415 | Z3: =((N3+P3+R3+T3)/4) -> 5.1582635 | AA3: =((S3+U3)/2) -> 2138 | AB3: =(V3+X3)/2 -> #VALUE! | AC3: DANE
L4: TASA DE NATALIDAD | M4: =CAJICA!M4+COTA!M5+CHIA!M4+ZIPAQUIRA!M4+TABIO!M4+TENJO!M4+SOPO!M4+GACHANCIPA!M4+TOCANCIPA!M4+NEMOCON!M4+COGUA!M4 -> 4165 | N4: =M4/C7*1000 -> 9.3121111 | O4: =CAJICA!O4+COTA!O5+CHIA!O4+ZIPAQUIRA!O4+TABIO!O4+TENJO!O4+SOPO!O4+GACHANCIPA!O4+TOCANCIPA!O4+NEMOCON!O4+COGUA!O4 -> 4618 | P4: =O4/D7*1000 -> 9.9876074 | Q4: =CAJICA!Q4+COTA!Q5+CHIA!Q4+ZIPAQUIRA!Q4+TABIO!Q4+TENJO!Q4+SOPO!Q4+GACHANCIPA!Q4+TOCANCIPA!Q4+NEMOCON!Q4+COGUA!Q4 -> 4758 | R4: =Q4/E7*1000 -> 9.9764532 | S4: =CAJICA!S4+COTA!S5+CHIA!S4+ZIPAQUIRA!S4+TABIO!S4+TENJO!S4+SOPO!S4+GACHANCIPA!S4+TOCANCIPA!S4+NEMOCON!S4+COGUA!S4 -> 4255 | T4: =S4/F7*1000 -> 8.6516447 | U4: =CAJICA!U4+COTA!U5+CHIA!U4+ZIPAQUIRA!U4+TABIO!U4+TENJO!U4+SOPO!U4+GACHANCIPA!U4+TOCANCIPA!U4+NEMOCON!U4+COGUA!U4 -> 4338 | V4: =U4/G7*1000 -> #VALUE! | W4: =CAJICA!W4+COTA!W5+CHIA!W4+ZIPAQUIRA!W4+TABIO!W4+TENJO!W4+SOPO!W4+GACHANCIPA!W4+TOCANCIPA!W4+NEMOCON!W4+COGUA!W4 -> 1850 | X4: =W4/H7*1000 -> 3.5545889 | Y4: =((M4+O4+Q4+S4)/4) -> 4449 | Z4: =((N4+P4+R4+T4)/4) -> 9.4819541 | AA4: =((S4+U4)/2) -> 4296.5 | AB4: =(V4+X4)/2 -> #VALUE! | AC4: RUAF
B5: RANGO EDAD | C5: AÑO 2020 | D5: AÑO 2021 | E5: AÑO 2022 | F5: AÑO 2023 | G5: AÑO 2024 | H5: AÑO 2025 | L5: RAZON DE MORTALIDAD MATERNA | M5: =CAJICA!M5+COTA!M6+CHIA!M5+ZIPAQUIRA!M5+TABIO!M5+TENJO!M5+SOPO!M5+GACHANCIPA!M5+TOCANCIPA!M5+NEMOCON!M5+COGUA!M5 -> 23 | N5: =M5/C12*100000 -> 509.30027 | O5: =CAJICA!O5+COTA!O6+CHIA!O5+ZIPAQUIRA!O5+TABIO!O5+TENJO!O5+SOPO!O5+GACHANCIPA!O5+TOCANCIPA!O5+NEMOCON!O5+COGUA!O5 -> 18 | P5: =O5/D12*100000 -> 364.07767 | Q5: =CAJICA!Q5+COTA!Q6+CHIA!Q5+ZIPAQUIRA!Q5+TABIO!Q5+TENJO!Q5+SOPO!Q5+GACHANCIPA!Q5+TOCANCIPA!Q5+NEMOCON!Q5+COGUA!Q5 -> 9 | R5: =Q5/E12*100000 -> 177.30496 | S5: =CAJICA!S5+COTA!S6+CHIA!S5+ZIPAQUIRA!S5+TABIO!S5+TENJO!S5+SOPO!S5+GACHANCIPA!S5+TOCANCIPA!S5+NEMOCON!S5+COGUA!S5 -> 17 | T5: =S5/F12*100000 -> 371.5847 | U5: =CAJICA!U5+COTA!U6+CHIA!U5+ZIPAQUIRA!U5+TABIO!U5+TENJO!U5+SOPO!U5+GACHANCIPA!U5+TOCANCIPA!U5+NEMOCON!U5+COGUA!U5 -> 19 | V5: =U5/G12*100000 -> 409.04198 | W5: =CAJICA!W5+COTA!W6+CHIA!W5+ZIPAQUIRA!W5+TABIO!W5+TENJO!W5+SOPO!W5+GACHANCIPA!W5+TOCANCIPA!W5+NEMOCON!W5+COGUA!W5 -> 4 | X5: =W5/H12*100000 -> 221.85247 | Y5: =((M5+O5+Q5+S5)/4) -> 16.75 | Z5: =((N5+P5+R5+T5)/4) -> 355.5669 | AA5: =((S5+U5)/2) -> 18 | AB5: =(V5+X5)/2 -> 315.44722 | AC5: DANE - RUAF
L6: RAZON DE MORTALIDAD FETAL | M6: =CAJICA!M6+COTA!M7+CHIA!M6+ZIPAQUIRA!M6+TABIO!M6+TENJO!M6+SOPO!M6+GACHANCIPA!M6+TOCANCIPA!M6+NEMOCON!M6+COGUA!M6 -> 157 | N6: =M6/M4*1000 -> 37.695078 | O6: =CAJICA!O6+COTA!O7+CHIA!O6+ZIPAQUIRA!O6+TABIO!O6+TENJO!O6+SOPO!O6+GACHANCIPA!O6+TOCANCIPA!O6+NEMOCON!O6+COGUA!O6 -> 204 | P6: =O6/O4*1000 -> 44.174968 | Q6: =CAJICA!Q6+COTA!Q7+CHIA!Q6+ZIPAQUIRA!Q6+TABIO!Q6+TENJO!Q6+SOPO!Q6+GACHANCIPA!Q6+TOCANCIPA!Q6+NEMOCON!Q6+COGUA!Q6 -> 125 | R6: =Q6/Q4*1000 -> 26.271543 | S6: =CAJICA!S6+COTA!S7+CHIA!S6+ZIPAQUIRA!S6+TABIO!S6+TENJO!S6+SOPO!S6+GACHANCIPA!S6+TOCANCIPA!S6+NEMOCON!S6+COGUA!S6 -> 108 | T6: =S6/S4*1000 -> 25.381904 | U6: =CAJICA!U6+COTA!U7+CHIA!U6+ZIPAQUIRA!U6+TABIO!U6+TENJO!U6+SOPO!U6+GACHANCIPA!U6+TOCANCIPA!U6+NEMOCON!U6+COGUA!U6 -> 83 | V6: =U6/U4*1000 -> 19.133241 | W6: =CAJICA!W6+COTA!W7+CHIA!W6+ZIPAQUIRA!W6+TABIO!W6+TENJO!W6+SOPO!W6+GACHANCIPA!W6+TOCANCIPA!W6+NEMOCON!W6+COGUA!W6 -> 54 | X6: =W6/W4*1000 -> 29.189189 | Y6: =((M6+O6+Q6+S6)/4) -> 148.5 | Z6: =((N6+P6+R6+T6)/4) -> 33.380873 | AA6: =((S6+U6)/2) -> 95.5 | AB6: =(V6+X6)/2 -> 24.161215 | AC6: DANE
B7: POBLACION TOTAL | C7: =CAJICA!C7+COTA!C7+CHIA!C7+ZIPAQUIRA!C7+TABIO!C7+TENJO!C7+SOPO!C7+GACHANCIPA!C7+TOCANCIPA!C7+NEMOCON!C7+COGUA!C7 -> 447267 | D7: =CAJICA!D7+COTA!D7+CHIA!D7+ZIPAQUIRA!D7+TABIO!D7+TENJO!D7+SOPO!D7+GACHANCIPA!D7+TOCANCIPA!D7+NEMOCON!D7+COGUA!D7 -> 462373 | E7: =CAJICA!E7+COTA!E7+CHIA!E7+ZIPAQUIRA!E7+TABIO!E7+TENJO!E7+SOPO!E7+GACHANCIPA!E7+TOCANCIPA!E7+NEMOCON!E7+COGUA!E7 -> 476923 | F7: =CAJICA!F7+COTA!F7+CHIA!F7+ZIPAQUIRA!F7+TABIO!F7+TENJO!F7+SOPO!F7+GACHANCIPA!F7+TOCANCIPA!F7+NEMOCON!F7+COGUA!F7 -> 491814 | G7: =CAJICA!G7+COTA!G7+CHIA!G7+ZIPAQUIRA!G7+TABIO!G7+TENJO!G7+SOPO!G7+GACHANCIPA!G7+TOCANCIPA!G7+NEMOCON!G7+COGUA!G7 -> #VALUE! | H7: =CAJICA!H7+COTA!H7+CHIA!H7+ZIPAQUIRA!H7+TABIO!H7+TENJO!H7+SOPO!H7+GACHANCIPA!H7+TOCANCIPA!H7+NEMOCON!H7+COGUA!H7 -> 520454 | L7: RAZON DE MORTALIDAD PERINATAL | M7: =CAJICA!M7+COTA!M8+CHIA!M7+ZIPAQUIRA!M7+TABIO!M7+TENJO!M7+SOPO!M7+GACHANCIPA!M7+TOCANCIPA!M7+NEMOCON!M7+COGUA!M7 -> 54 | N7: =CAJICA!N7+COTA!N7+CHIA!N7+ZIPAQUIRA!N7+TABIO!N7+TENJO!N7+SOPO!N7+GACHANCIPA!N7+TOCANCIPA!N7+NEMOCON!N7+COGUA!N7 -> 12.195122 | O7: =CAJICA!O7+COTA!O8+CHIA!O7+ZIPAQUIRA!O7+TABIO!O7+TENJO!O7+SOPO!O7+GACHANCIPA!O7+TOCANCIPA!O7+NEMOCON!O7+COGUA!O7 -> 43 | P7: =CAJICA!P7+COTA!P7+CHIA!P7+ZIPAQUIRA!P7+TABIO!P7+TENJO!P7+SOPO!P7+GACHANCIPA!P7+TOCANCIPA!P7+NEMOCON!P7+COGUA!P7 -> 6.6964286 | Q7: =CAJICA!Q7+COTA!Q8+CHIA!Q7+ZIPAQUIRA!Q7+TABIO!Q7+TENJO!Q7+SOPO!Q7+GACHANCIPA!Q7+TOCANCIPA!Q7+NEMOCON!Q7+COGUA!Q7 -> 52 | R7: =CAJICA!R7+COTA!R7+CHIA!R7+ZIPAQUIRA!R7+TABIO!R7+TENJO!R7+SOPO!R7+GACHANCIPA!R7+TOCANCIPA!R7+NEMOCON!R7+COGUA!R7 -> 5.7208238 | S7: =CAJICA!S7+COTA!S8+CHIA!S7+ZIPAQUIRA!S7+TABIO!S7+TENJO!S7+SOPO!S7+GACHANCIPA!S7+TOCANCIPA!S7+NEMOCON!S7+COGUA!S7 -> 40 | T7: =CAJICA!T7+COTA!T7+CHIA!T7+ZIPAQUIRA!T7+TABIO!T7+TENJO!T7+SOPO!T7+GACHANCIPA!T7+TOCANCIPA!T7+NEMOCON!T7+COGUA!T7 -> 14.051522 | U7: =CAJICA!U7+COTA!U8+CHIA!U7+ZIPAQUIRA!U7+TABIO!U7+TENJO!U7+SOPO!U7+GACHANCIPA!U7+TOCANCIPA!U7+NEMOCON!U7+COGUA!U7 -> 54 | V7: =CAJICA!V7+COTA!V7+CHIA!V7+ZIPAQUIRA!V7+TABIO!V7+TENJO!V7+SOPO!V7+GACHANCIPA!V7+TOCANCIPA!V7+NEMOCON!V7+COGUA!V7 -> 9.3131548 | W7: =CAJICA!W7+COTA!W8+CHIA!W7+ZIPAQUIRA!W7+TABIO!W7+TENJO!W7+SOPO!W7+GACHANCIPA!W7+TOCANCIPA!W7+NEMOCON!W7+COGUA!W7 -> 36 | X7: =CAJICA!X7+COTA!X7+CHIA!X7+ZIPAQUIRA!X7+TABIO!X7+TENJO!X7+SOPO!X7+GACHANCIPA!X7+TOCANCIPA!X7+NEMOCON!X7+COGUA!X7 -> 21.276596 | Y7: =((M7+O7+Q7+S7)/4) -> 47.25 | Z7: =((N7+P7+R7+T7)/4) -> 9.6659741 | AA7: =((S7+U7)/2) -> 47 | AB7: =(V7+X7)/2 -> 15.294875 | AC7: DANE - SIVIGILA
B8: POBLACION TOTAL CABECERA | C8: =CAJICA!C8+COTA!C8+CHIA!C8+ZIPAQUIRA!C8+TABIO!C8+TENJO!C8+SOPO!C8+GACHANCIPA!C8+TOCANCIPA!C8+NEMOCON!C8+COGUA!C8 -> 293901 | D8: =CAJICA!D8+COTA!D8+CHIA!D8+ZIPAQUIRA!D8+TABIO!D8+TENJO!D8+SOPO!D8+GACHANCIPA!D8+TOCANCIPA!D8+NEMOCON!D8+COGUA!D8 -> 310406 | E8: =CAJICA!E8+COTA!E8+CHIA!E8+ZIPAQUIRA!E8+TABIO!E8+TENJO!E8+SOPO!E8+GACHANCIPA!E8+TOCANCIPA!E8+NEMOCON!E8+COGUA!E8 -> 324738 | F8: =CAJICA!F8+COTA!F8+CHIA!F8+ZIPAQUIRA!F8+TABIO!F8+TENJO!F8+SOPO!F8+GACHANCIPA!F8+TOCANCIPA!F8+NEMOCON!F8+COGUA!F8 -> 265135 | G8: =CAJICA!G8+COTA!G8+CHIA!G8+ZIPAQUIRA!G8+TABIO!G8+TENJO!G8+SOPO!G8+GACHANCIPA!G8+TOCANCIPA!G8+NEMOCON!G8+COGUA!G8 -> 275496 | H8: =CAJICA!H8+COTA!H8+CHIA!H8+ZIPAQUIRA!H8+TABIO!H8+TENJO!H8+SOPO!H8+GACHANCIPA!H8+TOCANCIPA!H8+NEMOCON!H8+COGUA!H8 -> 285257 | L8: TASA DE MORTALIDAD POR DESNUTRICION < 5 AÑOS | M8: =CAJICA!M8+COTA!M9+CHIA!M8+ZIPAQUIRA!M8+TABIO!M8+TENJO!M8+SOPO!M8+GACHANCIPA!M8+TOCANCIPA!M8+NEMOCON!M8+COGUA!M8 -> 4 | N8: =M8/C15*1000 -> 0.10196246 | O8: =CAJICA!O8+COTA!O9+CHIA!O8+ZIPAQUIRA!O8+TABIO!O8+TENJO!O8+SOPO!O8+GACHANCIPA!O8+TOCANCIPA!O8+NEMOCON!O8+COGUA!O8 -> 4 | P8: =O8/D15*1000 -> 0.099262465 | Q8: =CAJICA!Q8+COTA!Q9+CHIA!Q8+ZIPAQUIRA!Q8+TABIO!Q8+TENJO!Q8+SOPO!Q8+GACHANCIPA!Q8+TOCANCIPA!Q8+NEMOCON!Q8+COGUA!Q8 -> 6 | R8: =Q8/E15*1000 -> 0.14627275 | S8: =CAJICA!S8+COTA!S9+CHIA!S8+ZIPAQUIRA!S8+TABIO!S8+TENJO!S8+SOPO!S8+GACHANCIPA!S8+TOCANCIPA!S8+NEMOCON!S8+COGUA!S8 -> 8 | T8: =S8/F15*1000 -> 0.19666988 | U8: =CAJICA!U8+COTA!U9+CHIA!U8+ZIPAQUIRA!U8+TABIO!U8+TENJO!U8+SOPO!U8+GACHANCIPA!U8+TOCANCIPA!U8+NEMOCON!U8+COGUA!U8 -> 12 | V8: =U8/G15*1000 -> 0.29511391 | W8: =CAJICA!W8+COTA!W9+CHIA!W8+ZIPAQUIRA!W8+TABIO!W8+TENJO!W8+SOPO!W8+GACHANCIPA!W8+TOCANCIPA!W8+NEMOCON!W8+COGUA!W8 -> 7 | X8: =W8/H15*1000 -> 0.17150452 | Y8: =((M8+O8+Q8+S8)/4) -> 5.5 | Z8: =((N8+P8+R8+T8)/4) -> 0.13604189 | AA8: =((S8+U8)/2) -> 10 | AB8: =(V8+X8)/2 -> 0.23330922 | AC8: DANE - SIVIGILA
B9: POBLACION TOTAL RURAL DISPERSA | C9: =CAJICA!C9+COTA!C9+CHIA!C9+ZIPAQUIRA!C9+TABIO!C9+TENJO!C9+SOPO!C9+GACHANCIPA!C9+TOCANCIPA!C9+NEMOCON!C9+COGUA!C9 -> 156840 | D9: =CAJICA!D9+COTA!D9+CHIA!D9+ZIPAQUIRA!D9+TABIO!D9+TENJO!D9+SOPO!D9+GACHANCIPA!D9+TOCANCIPA!D9+NEMOCON!D9+COGUA!D9 -> 154320 | E9: =CAJICA!E9+COTA!E9+CHIA!E9+ZIPAQUIRA!E9+TABIO!E9+TENJO!E9+SOPO!E9+GACHANCIPA!E9+TOCANCIPA!E9+NEMOCON!E9+COGUA!E9 -> 156648 | F9: =CAJICA!F9+COTA!F9+CHIA!F9+ZIPAQUIRA!F9+TABIO!F9+TENJO!F9+SOPO!F9+GACHANCIPA!F9+TOCANCIPA!F9+NEMOCON!F9+COGUA!F9 -> 128238 | G9: =CAJICA!G9+COTA!G9+CHIA!G9+ZIPAQUIRA!G9+TABIO!G9+TENJO!G9+SOPO!G9+GACHANCIPA!G9+TOCANCIPA!G9+NEMOCON!G9+COGUA!G9 -> 129343 | H9: =CAJICA!H9+COTA!H9+CHIA!H9+ZIPAQUIRA!H9+TABIO!H9+TENJO!H9+SOPO!H9+GACHANCIPA!H9+TOCANCIPA!H9+NEMOCON!H9+COGUA!H9 -> 130599 | L9: TASA DE MORTALIDAD BRUTA POR CAUSA EXTERNA | M9: =CAJICA!M9+COTA!M10+CHIA!M9+ZIPAQUIRA!M9+TABIO!M9+TENJO!M9+SOPO!M9+GACHANCIPA!M9+TOCANCIPA!M9+NEMOCON!M9+COGUA!M9 -> 101 | N9: =M9/C7*100000 -> 22.58159 | O9: =CAJICA!O9+COTA!O10+CHIA!O9+ZIPAQUIRA!O9+TABIO!O9+TENJO!O9+SOPO!O9+GACHANCIPA!O9+TOCANCIPA!O9+NEMOCON!O9+COGUA!O9 -> 152 | P9: =O9/D7*100000 -> 32.873892 | Q9: =CAJICA!Q9+COTA!Q10+CHIA!Q9+ZIPAQUIRA!Q9+TABIO!Q9+TENJO!Q9+SOPO!Q9+GACHANCIPA!Q9+TOCANCIPA!Q9+NEMOCON!Q9+COGUA!Q9 -> 141 | R9: =Q9/E7*100000 -> 29.564521 | S9: =CAJICA!S9+COTA!S10+CHIA!S9+ZIPAQUIRA!S9+TABIO!S9+TENJO!S9+SOPO!S9+GACHANCIPA!S9+TOCANCIPA!S9+NEMOCON!S9+COGUA!S9 -> 133 | T9: =S9/F7*100000 -> 27.042744 | U9: =CAJICA!U9+COTA!U10+CHIA!U9+ZIPAQUIRA!U9+TABIO!U9+TENJO!U9+SOPO!U9+GACHANCIPA!U9+TOCANCIPA!U9+NEMOCON!U9+COGUA!U9 -> 133 | V9: =U9/G7*100000 -> #VALUE! | W9: =CAJICA!W9+COTA!W10+CHIA!W9+ZIPAQUIRA!W9+TABIO!W9+TENJO!W9+SOPO!W9+GACHANCIPA!W9+TOCANCIPA!W9+NEMOCON!W9+COGUA!W9 -> 67 | X9: =W9/H7*100000 -> 12.873376 | Y9: =((M9+O9+Q9+S9)/4) -> 131.75 | Z9: =((N9+P9+R9+T9)/4) -> 28.015687 | AA9: =((S9+U9)/2) -> 133 | AB9: =(V9+X9)/2 -> #VALUE! | AC9: DANE
B10: POBLACION MASCULINA | C10: =CAJICA!C10+COTA!C10+CHIA!C10+ZIPAQUIRA!C10+TABIO!C10+TENJO!C10+SOPO!C10+GACHANCIPA!C10+TOCANCIPA!C10+NEMOCON!C10+COGUA!C10 -> 210175.67 | D10: =CAJICA!D10+COTA!D10+CHIA!D10+ZIPAQUIRA!D10+TABIO!D10+TENJO!D10+SOPO!D10+GACHANCIPA!D10+TOCANCIPA!D10+NEMOCON!D10+COGUA!D10 -> 203482.23 | E10: =CAJICA!E10+COTA!E10+CHIA!E10+ZIPAQUIRA!E10+TABIO!E10+TENJO!E10+SOPO!E10+GACHANCIPA!E10+TOCANCIPA!E10+NEMOCON!E10+COGUA!E10 -> #VALUE! | F10: =CAJICA!F10+COTA!F10+CHIA!F10+ZIPAQUIRA!F10+TABIO!F10+TENJO!F10+SOPO!F10+GACHANCIPA!F10+TOCANCIPA!F10+NEMOCON!F10+COGUA!F10 -> 231756.71 | G10: =CAJICA!G10+COTA!G10+CHIA!G10+ZIPAQUIRA!G10+TABIO!G10+TENJO!G10+SOPO!G10+GACHANCIPA!G10+TOCANCIPA!G10+NEMOCON!G10+COGUA!G10 -> 235655 | H10: =CAJICA!H10+COTA!H10+CHIA!H10+ZIPAQUIRA!H10+TABIO!H10+TENJO!H10+SOPO!H10+GACHANCIPA!H10+TOCANCIPA!H10+NEMOCON!H10+COGUA!H10 -> 242799.26 | L10: TASA DE MORTALIDAD POR IRA < 5 AÑOS | M10: =CAJICA!M10+COTA!M11+CHIA!M10+ZIPAQUIRA!M10+TABIO!M10+TENJO!M10+SOPO!M10+GACHANCIPA!M10+TOCANCIPA!M10+NEMOCON!M10+COGUA!M10 -> 0 | N10: =M10/C15*100000 -> 0 | O10: =CAJICA!O10+COTA!O11+CHIA!O10+ZIPAQUIRA!O10+TABIO!O10+TENJO!O10+SOPO!O10+GACHANCIPA!O10+TOCANCIPA!O10+NEMOCON!O10+COGUA!O10 -> 0 | P10: =O10/D15*100000 -> 0 | Q10: =CAJICA!Q10+COTA!Q11+CHIA!Q10+ZIPAQUIRA!Q10+TABIO!Q10+TENJO!Q10+SOPO!Q10+GACHANCIPA!Q10+TOCANCIPA!Q10+NEMOCON!Q10+COGUA!Q10 -> 1 | R10: =Q10/E15*100000 -> 2.4378792 | S10: =CAJICA!S10+COTA!S11+CHIA!S10+ZIPAQUIRA!S10+TABIO!S10+TENJO!S10+SOPO!S10+GACHANCIPA!S10+TOCANCIPA!S10+NEMOCON!S10+COGUA!S10 -> 0 | T10: =S10/F15*100000 -> 0 | U10: =CAJICA!U10+COTA!U11+CHIA!U10+ZIPAQUIRA!U10+TABIO!U10+TENJO!U10+SOPO!U10+GACHANCIPA!U10+TOCANCIPA!U10+NEMOCON!U10+COGUA!U10 -> 2 | V10: =U10/G15*100000 -> 4.9185652 | W10: =CAJICA!W10+COTA!W11+CHIA!W10+ZIPAQUIRA!W10+TABIO!W10+TENJO!W10+SOPO!W10+GACHANCIPA!W10+TOCANCIPA!W10+NEMOCON!W10+COGUA!W10 -> 2 | X10: =W10/H15*100000 -> 4.9001292 | Y10: =((M10+O10+Q10+S10)/4) -> 0.25 | Z10: =((N10+P10+R10+T10)/4) -> 0.6094698 | AA10: =((S10+U10)/2) -> 1 | AB10: =(V10+X10)/2 -> 4.9093472 | AC10: DANE
B11: POBLACION FEMENINA | C11: =CAJICA!C11+COTA!C11+CHIA!C11+ZIPAQUIRA!C11+TABIO!C11+TENJO!C11+SOPO!C11+GACHANCIPA!C11+TOCANCIPA!C11+NEMOCON!C11+COGUA!C11 -> 221208.7 | D11: =CAJICA!D11+COTA!D11+CHIA!D11+ZIPAQUIRA!D11+TABIO!D11+TENJO!D11+SOPO!D11+GACHANCIPA!D11+TOCANCIPA!D11+NEMOCON!D11+COGUA!D11 -> 214274.79 | E11: =CAJICA!E11+COTA!E11+CHIA!E11+ZIPAQUIRA!E11+TABIO!E11+TENJO!E11+SOPO!E11+GACHANCIPA!E11+TOCANCIPA!E11+NEMOCON!E11+COGUA!E11 -> 236129.38 | F11: =CAJICA!F11+COTA!F11+CHIA!F11+ZIPAQUIRA!F11+TABIO!F11+TENJO!F11+SOPO!F11+GACHANCIPA!F11+TOCANCIPA!F11+NEMOCON!F11+COGUA!F11 -> 242909.66 | G11: =CAJICA!G11+COTA!G11+CHIA!G11+ZIPAQUIRA!G11+TABIO!G11+TENJO!G11+SOPO!G11+GACHANCIPA!G11+TOCANCIPA!G11+NEMOCON!G11+COGUA!G11 -> 248349.94 | H11: =CAJICA!H11+COTA!H11+CHIA!H11+ZIPAQUIRA!H11+TABIO!H11+TENJO!H11+SOPO!H11+GACHANCIPA!H11+TOCANCIPA!H11+NEMOCON!H11+COGUA!H11 -> 255235.18 | L11: TASA DE MORTALIDAD POR EDA < 5 AÑOS | M11: =CAJICA!M11+COTA!M12+CHIA!M11+ZIPAQUIRA!M11+TABIO!M11+TENJO!M11+SOPO!M11+GACHANCIPA!M11+TOCANCIPA!M11+NEMOCON!M11+COGUA!M11 -> 108 | N11: =M11/C15*100000 -> 275.29863 | O11: =CAJICA!O11+COTA!O12+CHIA!O11+ZIPAQUIRA!O11+TABIO!O11+TENJO!O11+SOPO!O11+GACHANCIPA!O11+TOCANCIPA!O11+NEMOCON!O11+COGUA!O11 -> 131 | P11: =O11/D16*100000 -> 37.044999 | Q11: =CAJICA!Q11+COTA!Q12+CHIA!Q11+ZIPAQUIRA!Q11+TABIO!Q11+TENJO!Q11+SOPO!Q11+GACHANCIPA!Q11+TOCANCIPA!Q11+NEMOCON!Q11+COGUA!Q11 -> 201 | R11: =Q11/F16*100000 -> 55.029155 | S11: =CAJICA!S11+COTA!S12+CHIA!S11+ZIPAQUIRA!S11+TABIO!S11+TENJO!S11+SOPO!S11+GACHANCIPA!S11+TOCANCIPA!S11+NEMOCON!S11+COGUA!S11 -> 233 | T11: =S11/F15*100000 -> 572.80103 | U11: =CAJICA!U11+COTA!U12+CHIA!U11+ZIPAQUIRA!U11+TABIO!U11+TENJO!U11+SOPO!U11+GACHANCIPA!U11+TOCANCIPA!U11+NEMOCON!U11+COGUA!U11 -> 320 | V11: =U11/G15*100000 -> 786.97043 | W11: =CAJICA!W11+COTA!W12+CHIA!W11+ZIPAQUIRA!W11+TABIO!W11+TENJO!W11+SOPO!W11+GACHANCIPA!W11+TOCANCIPA!W11+NEMOCON!W11+COGUA!W11 -> 182 | X11: =W11/H15*100000 -> 445.91176 | Y11: =((M11+O11+Q11+S11)/4) -> 168.25 | Z11: =((N11+P11+R11+T11)/4) -> 235.04345 | AA11: =((S11+U11)/2) -> 276.5 | AB11: =(V11+X11)/2 -> 616.44109 | AC11: DANE
B12: NACIMIENTOS | C12: =CAJICA!C12+COTA!C12+CHIA!C12+ZIPAQUIRA!C12+TABIO!C12+TENJO!C12+SOPO!C12+GACHANCIPA!C12+TOCANCIPA!C12+NEMOCON!C12+COGUA!C12 -> 4516 | D12: =CAJICA!D12+COTA!D12+CHIA!D12+ZIPAQUIRA!D12+TABIO!D12+TENJO!D12+SOPO!D12+GACHANCIPA!D12+TOCANCIPA!D12+NEMOCON!D12+COGUA!D12 -> 4944 | E12: =CAJICA!E12+COTA!E12+CHIA!E12+ZIPAQUIRA!E12+TABIO!E12+TENJO!E12+SOPO!E12+GACHANCIPA!E12+TOCANCIPA!E12+NEMOCON!E12+COGUA!E12 -> 5076 | F12: =CAJICA!F12+COTA!F12+CHIA!F12+ZIPAQUIRA!F12+TABIO!F12+TENJO!F12+SOPO!F12+GACHANCIPA!F12+TOCANCIPA!F12+NEMOCON!F12+COGUA!F12 -> 4575 | G12: =CAJICA!G12+COTA!G12+CHIA!G12+ZIPAQUIRA!G12+TABIO!G12+TENJO!G12+SOPO!G12+GACHANCIPA!G12+TOCANCIPA!G12+NEMOCON!G12+COGUA!G12 -> 4645 | H12: =CAJICA!H12+COTA!H12+CHIA!H12+ZIPAQUIRA!H12+TABIO!H12+TENJO!H12+SOPO!H12+GACHANCIPA!H12+TOCANCIPA!H12+NEMOCON!H12+COGUA!H12 -> 1803 | L12: TASA BRUTA DE VIOLENCIA INTRAFAMILIAR | M12: =CAJICA!M12+COTA!M13+CHIA!M12+ZIPAQUIRA!M12+TABIO!M12+TENJO!M12+SOPO!M12+GACHANCIPA!M12+TOCANCIPA!M12+NEMOCON!M12+COGUA!M12 -> 1295 | N12: =M12/C7*100000 -> 289.53623 | O12: =CAJICA!O12+COTA!O13+CHIA!O12+ZIPAQUIRA!O12+TABIO!O12+TENJO!O12+SOPO!O12+GACHANCIPA!O12+TOCANCIPA!O12+NEMOCON!O12+COGUA!O12 -> 1635 | P12: =O12/D7*100000 -> 353.61061 | Q12: =CAJICA!Q12+COTA!Q13+CHIA!Q12+ZIPAQUIRA!Q12+TABIO!Q12+TENJO!Q12+SOPO!Q12+GACHANCIPA!Q12+TOCANCIPA!Q12+NEMOCON!Q12+COGUA!Q12 -> 2540 | R12: =Q12/E7*100000 -> 532.58073 | S12: =CAJICA!S12+COTA!S13+CHIA!S12+ZIPAQUIRA!S12+TABIO!S12+TENJO!S12+SOPO!S12+GACHANCIPA!S12+TOCANCIPA!S12+NEMOCON!S12+COGUA!S12 -> 2889 | T12: =S12/F7*100000 -> 587.41719 | U12: =CAJICA!U12+COTA!U13+CHIA!U12+ZIPAQUIRA!U12+TABIO!U12+TENJO!U12+SOPO!U12+GACHANCIPA!U12+TOCANCIPA!U12+NEMOCON!U12+COGUA!U12 -> 3040 | V12: =U12/G7*100000 -> #VALUE! | W12: =CAJICA!W12+COTA!W13+CHIA!W12+ZIPAQUIRA!W12+TABIO!W12+TENJO!W12+SOPO!W12+GACHANCIPA!W12+TOCANCIPA!W12+NEMOCON!W12+COGUA!W12 -> 1496 | X12: =W12/H7*100000 -> 287.44135 | Y12: =((M12+O12+Q12+S12)/4) -> 2089.75 | Z12: =((N12+P12+R12+T12)/4) -> 440.78619 | AA12: =((S12+U12)/2) -> 2964.5 | AB12: =(V12+X12)/2 -> #VALUE! | AC12: SIVIGILA
B13: DEFUNCIONES | C13: =CAJICA!C13+COTA!C13+CHIA!C13+ZIPAQUIRA!C13+TABIO!C13+TENJO!C13+SOPO!C13+GACHANCIPA!C13+TOCANCIPA!C13+NEMOCON!C13+COGUA!C13 -> 2035 | D13: =CAJICA!D13+COTA!D13+CHIA!D13+ZIPAQUIRA!D13+TABIO!D13+TENJO!D13+SOPO!D13+GACHANCIPA!D13+TOCANCIPA!D13+NEMOCON!D13+COGUA!D13 -> 2851 | E13: =CAJICA!E13+COTA!E13+CHIA!E13+ZIPAQUIRA!E13+TABIO!E13+TENJO!E13+SOPO!E13+GACHANCIPA!E13+TOCANCIPA!E13+NEMOCON!E13+COGUA!E13 -> 2150 | F13: =CAJICA!F13+COTA!F13+CHIA!F13+ZIPAQUIRA!F13+TABIO!F13+TENJO!F13+SOPO!F13+GACHANCIPA!F13+TOCANCIPA!F13+NEMOCON!F13+COGUA!F13 -> 1932 | G13: =CAJICA!G13+COTA!G13+CHIA!G13+ZIPAQUIRA!G13+TABIO!G13+TENJO!G13+SOPO!G13+GACHANCIPA!G13+TOCANCIPA!G13+NEMOCON!G13+COGUA!G13 -> 2081 | H13: =CAJICA!H13+COTA!H13+CHIA!H13+ZIPAQUIRA!H13+TABIO!H13+TENJO!H13+SOPO!H13+GACHANCIPA!H13+TOCANCIPA!H13+NEMOCON!H13+COGUA!H13 -> 960 | L13: TASA DE VIOLENCIA DE GENERO FEMENINA | M13: =CAJICA!M13+COTA!M14+CHIA!M13+ZIPAQUIRA!M13+TABIO!M13+TENJO!M13+SOPO!M13+GACHANCIPA!M13+TOCANCIPA!M13+NEMOCON!M13+COGUA!M13 -> 1002 | N13: =M13/C11*100000 -> 452.9659 | O13: =CAJICA!O13+COTA!O14+CHIA!O13+ZIPAQUIRA!O13+TABIO!O13+TENJO!O13+SOPO!O13+GACHANCIPA!O13+TOCANCIPA!O13+NEMOCON!O13+COGUA!O13 -> 1292 | P13: =O13/D11*100000 -> 602.96407 | Q13: =CAJICA!Q13+COTA!Q14+CHIA!Q13+ZIPAQUIRA!Q13+TABIO!Q13+TENJO!Q13+SOPO!Q13+GACHANCIPA!Q13+TOCANCIPA!Q13+NEMOCON!Q13+COGUA!Q13 -> 1978 | R13: =Q13/E11*100000 -> 837.67636 | S13: =CAJICA!S13+COTA!S14+CHIA!S13+ZIPAQUIRA!S13+TABIO!S13+TENJO!S13+SOPO!S13+GACHANCIPA!S13+TOCANCIPA!S13+NEMOCON!S13+COGUA!S13 -> 2196 | T13: =S13/F11*100000 -> 904.03979 | U13: =CAJICA!U13+COTA!U14+CHIA!U13+ZIPAQUIRA!U13+TABIO!U13+TENJO!U13+SOPO!U13+GACHANCIPA!U13+TOCANCIPA!U13+NEMOCON!U13+COGUA!U13 -> 2282 | V13: =U13/G11*100000 -> 918.86472 | W13: =CAJICA!W13+COTA!W14+CHIA!W13+ZIPAQUIRA!W13+TABIO!W13+TENJO!W13+SOPO!W13+GACHANCIPA!W13+TOCANCIPA!W13+NEMOCON!W13+COGUA!W13 -> 1224 | X13: =W13/H11*100000 -> 479.55771 | Y13: =((M13+O13+Q13+S13)/4) -> 1617 | Z13: =((N13+P13+R13+T13)/4) -> 699.41153 | AA13: =((S13+U13)/2) -> 2239 | AB13: =(V13+X13)/2 -> 699.21121 | AC13: SIVIGILA
B14: POBLACION MENOR 1 AÑO | C14: =CAJICA!C14+COTA!C14+CHIA!C14+ZIPAQUIRA!C14+TABIO!C14+TENJO!C14+SOPO!C14+GACHANCIPA!C14+TOCANCIPA!C14+NEMOCON!C14+COGUA!C14 -> 9214 | D14: =CAJICA!D14+COTA!D14+CHIA!D14+ZIPAQUIRA!D14+TABIO!D14+TENJO!D14+SOPO!D14+GACHANCIPA!D14+TOCANCIPA!D14+NEMOCON!D14+COGUA!D14 -> 9379 | E14: =CAJICA!E14+COTA!E14+CHIA!E14+ZIPAQUIRA!E14+TABIO!E14+TENJO!E14+SOPO!E14+GACHANCIPA!E14+TOCANCIPA!E14+NEMOCON!E14+COGUA!E14 -> 9961 | F14: =CAJICA!F14+COTA!F14+CHIA!F14+ZIPAQUIRA!F14+TABIO!F14+TENJO!F14+SOPO!F14+GACHANCIPA!F14+TOCANCIPA!F14+NEMOCON!F14+COGUA!F14 -> 8501 | G14: =CAJICA!G14+COTA!G14+CHIA!G14+ZIPAQUIRA!G14+TABIO!G14+TENJO!G14+SOPO!G14+GACHANCIPA!G14+TOCANCIPA!G14+NEMOCON!G14+COGUA!G14 -> 9868 | H14: =CAJICA!H14+COTA!H14+CHIA!H14+ZIPAQUIRA!H14+TABIO!H14+TENJO!H14+SOPO!H14+GACHANCIPA!H14+TOCANCIPA!H14+NEMOCON!H14+COGUA!H14 -> 9951 | L14: TASA DE MORTALIDAD INFANTIL | M14: =CAJICA!M14+COTA!M15+CHIA!M14+ZIPAQUIRA!M14+TABIO!M14+TENJO!M14+SOPO!M14+GACHANCIPA!M14+TOCANCIPA!M14+NEMOCON!M14+COGUA!M14 -> 28 | N14: =M14/M4*1000 -> 6.7226891 | O14: =CAJICA!O14+COTA!O15+CHIA!O14+ZIPAQUIRA!O14+TABIO!O14+TENJO!O14+SOPO!O14+GACHANCIPA!O14+TOCANCIPA!O14+NEMOCON!O14+COGUA!O14 -> 24 | P14: =O14/O4*1000 -> 5.197055 | Q14: =CAJICA!Q14+COTA!Q15+CHIA!Q14+ZIPAQUIRA!Q14+TABIO!Q14+TENJO!Q14+SOPO!Q14+GACHANCIPA!Q14+TOCANCIPA!Q14+NEMOCON!Q14+COGUA!Q14 -> 35 | R14: =Q14/Q4*1000 -> 7.3560319 | S14: =CAJICA!S14+COTA!S15+CHIA!S14+ZIPAQUIRA!S14+TABIO!S14+TENJO!S14+SOPO!S14+GACHANCIPA!S14+TOCANCIPA!S14+NEMOCON!S14+COGUA!S14 -> 25 | T14: =S14/S4*1000 -> 5.8754407 | U14: =CAJICA!U14+COTA!U15+CHIA!U14+ZIPAQUIRA!U14+TABIO!U14+TENJO!U14+SOPO!U14+GACHANCIPA!U14+TOCANCIPA!U14+NEMOCON!U14+COGUA!U14 -> 20 | V14: =U14/U4*1000 -> 4.6104195 | W14: =CAJICA!W14+COTA!W15+CHIA!W14+ZIPAQUIRA!W14+TABIO!W14+TENJO!W14+SOPO!W14+GACHANCIPA!W14+TOCANCIPA!W14+NEMOCON!W14+COGUA!W14 -> 18 | X14: =W14/W4*1000 -> 9.7297297 | Y14: =((M14+O14+Q14+S14)/4) -> 28 | Z14: =((N14+P14+R14+T14)/4) -> 6.2878042 | AA14: =((S14+U14)/2) -> 22.5 | AB14: =(V14+X14)/2 -> 7.1700746 | AC14: DANE
B15: POBLACION MENOR 5 AÑOS | C15: =CAJICA!C15+COTA!C15+CHIA!C15+ZIPAQUIRA!C15+TABIO!C15+TENJO!C15+SOPO!C15+GACHANCIPA!C15+TOCANCIPA!C15+NEMOCON!C15+COGUA!C15 -> 39230.126 | D15: =CAJICA!D15+COTA!D15+CHIA!D15+ZIPAQUIRA!D15+TABIO!D15+TENJO!D15+SOPO!D15+GACHANCIPA!D15+TOCANCIPA!D15+NEMOCON!D15+COGUA!D15 -> 40297.206 | E15: =CAJICA!E15+COTA!E15+CHIA!E15+ZIPAQUIRA!E15+TABIO!E15+TENJO!E15+SOPO!E15+GACHANCIPA!E15+TOCANCIPA!E15+NEMOCON!E15+COGUA!E15 -> 41019.26 | F15: =CAJICA!F15+COTA!F15+CHIA!F15+ZIPAQUIRA!F15+TABIO!F15+TENJO!F15+SOPO!F15+GACHANCIPA!F15+TOCANCIPA!F15+NEMOCON!F15+COGUA!F15 -> 40677.301 | G15: =CAJICA!G15+COTA!G15+CHIA!G15+ZIPAQUIRA!G15+TABIO!G15+TENJO!G15+SOPO!G15+GACHANCIPA!G15+TOCANCIPA!G15+NEMOCON!G15+COGUA!G15 -> 40662.265 | H15: =CAJICA!H15+COTA!H15+CHIA!H15+ZIPAQUIRA!H15+TABIO!H15+TENJO!H15+SOPO!H15+GACHANCIPA!H15+TOCANCIPA!H15+NEMOCON!H15+COGUA!H15 -> 40815.25 | L15: TASA DE MORTALIDAD INFANTIL < 5 AÑOS | M15: =CAJICA!M15+COTA!M16+CHIA!M15+ZIPAQUIRA!M15+TABIO!M15+TENJO!M15+SOPO!M15+GACHANCIPA!M15+TOCANCIPA!M15+NEMOCON!M15+COGUA!M15 -> 75 | N15: =M15/C15*100000 -> 191.17961 | O15: =CAJICA!O15+COTA!O16+CHIA!O15+ZIPAQUIRA!O15+TABIO!O15+TENJO!O15+SOPO!O15+GACHANCIPA!O15+TOCANCIPA!O15+NEMOCON!O15+COGUA!O15 -> 59 | P15: =O15/D15*100000 -> 146.41214 | Q15: =CAJICA!Q15+COTA!Q16+CHIA!Q15+ZIPAQUIRA!Q15+TABIO!Q15+TENJO!Q15+SOPO!Q15+GACHANCIPA!Q15+TOCANCIPA!Q15+NEMOCON!Q15+COGUA!Q15 -> 67 | R15: =Q15/E15*100000 -> 163.33791 | S15: =CAJICA!S15+COTA!S16+CHIA!S15+ZIPAQUIRA!S15+TABIO!S15+TENJO!S15+SOPO!S15+GACHANCIPA!S15+TOCANCIPA!S15+NEMOCON!S15+COGUA!S15 -> 64 | T15: =S15/F15*100000 -> 157.33591 | U15: =CAJICA!U15+COTA!U16+CHIA!U15+ZIPAQUIRA!U15+TABIO!U15+TENJO!U15+SOPO!U15+GACHANCIPA!U15+TOCANCIPA!U15+NEMOCON!U15+COGUA!U15 -> 61 | V15: =U15/G15*100000 -> 150.01624 | W15: =CAJICA!W15+COTA!W16+CHIA!W15+ZIPAQUIRA!W15+TABIO!W15+TENJO!W15+SOPO!W15+GACHANCIPA!W15+TOCANCIPA!W15+NEMOCON!W15+COGUA!W15 -> 28 | X15: =W15/H15*100000 -> 68.601809 | Y15: =((M15+O15+Q15+S15)/4) -> 66.25 | Z15: =((N15+P15+R15+T15)/4) -> 164.56639 | AA15: =((S15+U15)/2) -> 62.5 | AB15: =(V15+X15)/2 -> 109.30902 | AC15: DANE
B16: POBLACION MAYOR 15 AÑOS | C16: =CAJICA!C16+COTA!C16+CHIA!C16+ZIPAQUIRA!C16+TABIO!C16+TENJO!C16+SOPO!C16+GACHANCIPA!C16+TOCANCIPA!C16+NEMOCON!C16+COGUA!C16 -> 334538.39 | D16: =CAJICA!D16+COTA!D16+CHIA!D16+ZIPAQUIRA!D16+TABIO!D16+TENJO!D16+SOPO!D16+GACHANCIPA!D16+TOCANCIPA!D16+NEMOCON!D16+COGUA!D16 -> 353623.98 | E16: =CAJICA!E16+COTA!E16+CHIA!E16+ZIPAQUIRA!E16+TABIO!E16+TENJO!E16+SOPO!E16+GACHANCIPA!E16+TOCANCIPA!E16+NEMOCON!E16+COGUA!E16 -> 355547.47 | F16: =CAJICA!F16+COTA!F16+CHIA!F16+ZIPAQUIRA!F16+TABIO!F16+TENJO!F16+SOPO!F16+GACHANCIPA!F16+TOCANCIPA!F16+NEMOCON!F16+COGUA!F16 -> 365260.93 | G16: =CAJICA!G16+COTA!G16+CHIA!G16+ZIPAQUIRA!G16+TABIO!G16+TENJO!G16+SOPO!G16+GACHANCIPA!G16+TOCANCIPA!G16+NEMOCON!G16+COGUA!G16 -> 376078.46 | H16: =CAJICA!H16+COTA!H16+CHIA!H16+ZIPAQUIRA!H16+TABIO!H16+TENJO!H16+SOPO!H16+GACHANCIPA!H16+TOCANCIPA!H16+NEMOCON!H16+COGUA!H16 -> 387730.91 | L16: PROPORCION DE BAJO PESO AL NACER | M16: =CAJICA!M16+COTA!M17+CHIA!M16+ZIPAQUIRA!M16+TABIO!M16+TENJO!M16+SOPO!M16+GACHANCIPA!M16+TOCANCIPA!M16+NEMOCON!M16+COGUA!M16 -> 538 | N16: =M16/M4*100 -> 12.917167 | O16: =CAJICA!O16+COTA!O17+CHIA!O16+ZIPAQUIRA!O16+TABIO!O16+TENJO!O16+SOPO!O16+GACHANCIPA!O16+TOCANCIPA!O16+NEMOCON!O16+COGUA!O16 -> 612 | P16: =O16/O4*100 -> 13.25249 | Q16: =CAJICA!Q16+COTA!Q17+CHIA!Q16+ZIPAQUIRA!Q16+TABIO!Q16+TENJO!Q16+SOPO!Q16+GACHANCIPA!Q16+TOCANCIPA!Q16+NEMOCON!Q16+COGUA!Q16 -> 555 | R16: =Q16/Q4*100 -> 11.664565 | S16: =CAJICA!S16+COTA!S17+CHIA!S16+ZIPAQUIRA!S16+TABIO!S16+TENJO!S16+SOPO!S16+GACHANCIPA!S16+TOCANCIPA!S16+NEMOCON!S16+COGUA!S16 -> 491 | T16: =S16/S4*100 -> 11.539365 | U16: =CAJICA!U16+COTA!U17+CHIA!U16+ZIPAQUIRA!U16+TABIO!U16+TENJO!U16+SOPO!U16+GACHANCIPA!U16+TOCANCIPA!U16+NEMOCON!U16+COGUA!U16 -> 505 | V16: =U16/U4*100 -> 11.641309 | W16: =CAJICA!W16+COTA!W17+CHIA!W16+ZIPAQUIRA!W16+TABIO!W16+TENJO!W16+SOPO!W16+GACHANCIPA!W16+TOCANCIPA!W16+NEMOCON!W16+COGUA!W16 -> 219 | X16: =W16/W4*100 -> 11.837838 | Y16: =((M16+O16+Q16+S16)/4) -> 549 | Z16: =((N16+P16+R16+T16)/4) -> 12.343397 | AA16: =((S16+U16)/2) -> 498 | AB16: =(V16+X16)/2 -> 11.739574 | AC16: RUAF
B17: POBLACION MENOR 19 AÑOS | C17: =CAJICA!C17+COTA!C17+CHIA!C17+ZIPAQUIRA!C17+TABIO!C17+TENJO!C17+SOPO!C17+GACHANCIPA!C17+TOCANCIPA!C17+NEMOCON!C17+COGUA!C17 -> 130487.66 | D17: =CAJICA!D17+COTA!D17+CHIA!D17+ZIPAQUIRA!D17+TABIO!D17+TENJO!D17+SOPO!D17+GACHANCIPA!D17+TOCANCIPA!D17+NEMOCON!D17+COGUA!D17 -> 133120.87 | E17: =CAJICA!E17+COTA!E17+CHIA!E17+ZIPAQUIRA!E17+TABIO!E17+TENJO!E17+SOPO!E17+GACHANCIPA!E17+TOCANCIPA!E17+NEMOCON!E17+COGUA!E17 -> 136414.02 | F17: =CAJICA!F17+COTA!F17+CHIA!F17+ZIPAQUIRA!F17+TABIO!F17+TENJO!F17+SOPO!F17+GACHANCIPA!F17+TOCANCIPA!F17+NEMOCON!F17+COGUA!F17 -> 138792.17 | G17: =CAJICA!G17+COTA!G17+CHIA!G17+ZIPAQUIRA!G17+TABIO!G17+TENJO!G17+SOPO!G17+GACHANCIPA!G17+TOCANCIPA!G17+NEMOCON!G17+COGUA!G17 -> 137852.27 | H17: =CAJICA!H17+COTA!H17+CHIA!H17+ZIPAQUIRA!H17+TABIO!H17+TENJO!H17+SOPO!H17+GACHANCIPA!H17+TOCANCIPA!H17+NEMOCON!H17+COGUA!H17 -> 139951.33 | L17: PROPORCION DE BAJO PESO AL NACER A TERMINO | M17: =CAJICA!M17+COTA!M18+CHIA!M17+ZIPAQUIRA!M17+TABIO!M17+TENJO!M17+SOPO!M17+GACHANCIPA!M17+TOCANCIPA!M17+NEMOCON!M17+COGUA!M17 -> 199 | N17: =M17/M4*100 -> 4.7779112 | O17: =CAJICA!O17+COTA!O18+CHIA!O17+ZIPAQUIRA!O17+TABIO!O17+TENJO!O17+SOPO!O17+GACHANCIPA!O17+TOCANCIPA!O17+NEMOCON!O17+COGUA!O17 -> 240 | P17: =O17/O4*100 -> 5.197055 | Q17: =CAJICA!Q17+COTA!Q18+CHIA!Q17+ZIPAQUIRA!Q17+TABIO!Q17+TENJO!Q17+SOPO!Q17+GACHANCIPA!Q17+TOCANCIPA!Q17+NEMOCON!Q17+COGUA!Q17 -> 237 | R17: =Q17/Q4*100 -> 4.9810845 | S17: =CAJICA!S17+COTA!S18+CHIA!S17+ZIPAQUIRA!S17+TABIO!S17+TENJO!S17+SOPO!S17+GACHANCIPA!S17+TOCANCIPA!S17+NEMOCON!S17+COGUA!S17 -> 220 | T17: =S17/S4*100 -> 5.1703878 | U17: =CAJICA!U17+COTA!U18+CHIA!U17+ZIPAQUIRA!U17+TABIO!U17+TENJO!U17+SOPO!U17+GACHANCIPA!U17+TOCANCIPA!U17+NEMOCON!U17+COGUA!U17 -> 258 | V17: =U17/U4*100 -> 5.9474412 | W17: =CAJICA!W17+COTA!W18+CHIA!W17+ZIPAQUIRA!W17+TABIO!W17+TENJO!W17+SOPO!W17+GACHANCIPA!W17+TOCANCIPA!W17+NEMOCON!W17+COGUA!W17 -> 103 | X17: =W17/W4*100 -> 5.5675676 | Y17: =((M17+O17+Q17+S17)/4) -> 224 | Z17: =((N17+P17+R17+T17)/4) -> 5.0316096 | AA17: =((S17+U17)/2) -> 239 | AB17: =(V17+X17)/2 -> 5.7575044 | AC17: RUAF
B18: POBLACION MENOR 65 AÑOS | C18: =CAJICA!C18+COTA!C18+CHIA!C18+ZIPAQUIRA!C18+TABIO!C18+TENJO!C18+SOPO!C18+GACHANCIPA!C18+TOCANCIPA!C18+NEMOCON!C18+COGUA!C18 -> 396368.5 | D18: =CAJICA!D18+COTA!D18+CHIA!D18+ZIPAQUIRA!D18+TABIO!D18+TENJO!D18+SOPO!D18+GACHANCIPA!D18+TOCANCIPA!D18+NEMOCON!D18+COGUA!D18 -> 417996.23 | E18: =CAJICA!E18+COTA!E18+CHIA!E18+ZIPAQUIRA!E18+TABIO!E18+TENJO!E18+SOPO!E18+GACHANCIPA!E18+TOCANCIPA!E18+NEMOCON!E18+COGUA!E18 -> 420203.81 | F18: =CAJICA!F18+COTA!F18+CHIA!F18+ZIPAQUIRA!F18+TABIO!F18+TENJO!F18+SOPO!F18+GACHANCIPA!F18+TOCANCIPA!F18+NEMOCON!F18+COGUA!F18 -> 432202.35 | G18: =CAJICA!G18+COTA!G18+CHIA!G18+ZIPAQUIRA!G18+TABIO!G18+TENJO!G18+SOPO!G18+GACHANCIPA!G18+TOCANCIPA!G18+NEMOCON!G18+COGUA!G18 -> 441767.89 | H18: =CAJICA!H18+COTA!H18+CHIA!H18+ZIPAQUIRA!H18+TABIO!H18+TENJO!H18+SOPO!H18+GACHANCIPA!H18+TOCANCIPA!H18+NEMOCON!H18+COGUA!H18 -> 451382.35 | L18: TASA DE DESNUTRICION AGUDA < 5 AÑOS | M18: =CAJICA!M18+COTA!M19+CHIA!M18+ZIPAQUIRA!M18+TABIO!M18+TENJO!M18+SOPO!M18+GACHANCIPA!M18+TOCANCIPA!M18+NEMOCON!M18+COGUA!M18 -> 117 | N18: =M18/C15*1000 -> 2.9824018 | O18: =CAJICA!O18+COTA!O19+CHIA!O18+ZIPAQUIRA!O18+TABIO!O18+TENJO!O18+SOPO!O18+GACHANCIPA!O18+TOCANCIPA!O18+NEMOCON!O18+COGUA!O18 -> 112 | P18: =O18/D15*1000 -> 2.779349 | Q18: =CAJICA!Q18+COTA!Q19+CHIA!Q18+ZIPAQUIRA!Q18+TABIO!Q18+TENJO!Q18+SOPO!Q18+GACHANCIPA!Q18+TOCANCIPA!Q18+NEMOCON!Q18+COGUA!Q18 -> 213 | R18: =Q18/E15*1000 -> 5.1926827 | S18: =CAJICA!S18+COTA!S19+CHIA!S18+ZIPAQUIRA!S18+TABIO!S18+TENJO!S18+SOPO!S18+GACHANCIPA!S18+TOCANCIPA!S18+NEMOCON!S18+COGUA!S18 -> 152 | T18: =S18/F15*1000 -> 3.7367278 | U18: =CAJICA!U18+COTA!U19+CHIA!U18+ZIPAQUIRA!U18+TABIO!U18+TENJO!U18+SOPO!U18+GACHANCIPA!U18+TOCANCIPA!U18+NEMOCON!U18+COGUA!U18 -> 257 | V18: =U18/G15*1000 -> 6.3203562 | W18: =CAJICA!W18+COTA!W19+CHIA!W18+ZIPAQUIRA!W18+TABIO!W18+TENJO!W18+SOPO!W18+GACHANCIPA!W18+TOCANCIPA!W18+NEMOCON!W18+COGUA!W18 -> 114 | X18: =W18/H15*1000 -> 2.7930737 | Y18: =((M18+O18+Q18+S18)/4) -> 148.5 | Z18: =((N18+P18+R18+T18)/4) -> 3.6727903 | AA18: =((S18+U18)/2) -> 204.5 | AB18: =(V18+X18)/2 -> 4.5567149 | AC18: SIVIGILA
B19: POBLACION 20 A 65 | C19: =CAJICA!C19+COTA!C19+CHIA!C19+ZIPAQUIRA!C19+TABIO!C19+TENJO!C19+SOPO!C19+GACHANCIPA!C19+TOCANCIPA!A19+NEMOCON!C19+COGUA!C19 -> 241819.84 | D19: =CAJICA!D19+COTA!D19+CHIA!D19+ZIPAQUIRA!D19+TABIO!D19+TENJO!D19+SOPO!D19+GACHANCIPA!D19+TOCANCIPA!D19+NEMOCON!D19+COGUA!D19 -> 289157.36 | E19: =CAJICA!E19+COTA!E19+CHIA!E19+ZIPAQUIRA!E19+TABIO!E19+TENJO!E19+SOPO!E19+GACHANCIPA!E19+TOCANCIPA!E19+NEMOCON!E19+COGUA!E19 -> 289131.79 | F19: =CAJICA!F19+COTA!F19+CHIA!F19+ZIPAQUIRA!F19+TABIO!F19+TENJO!F19+SOPO!F19+GACHANCIPA!F19+TOCANCIPA!F19+NEMOCON!F19+COGUA!F19 -> 297566.18 | G19: =CAJICA!G19+COTA!G19+CHIA!G19+ZIPAQUIRA!G19+TABIO!G19+TENJO!G19+SOPO!G19+GACHANCIPA!G19+TOCANCIPA!G19+NEMOCON!G19+COGUA!G19 -> 309578.62 | H19: =CAJICA!H19+COTA!H19+CHIA!H19+ZIPAQUIRA!H19+TABIO!H19+TENJO!H19+SOPO!H19+GACHANCIPA!H19+TOCANCIPA!H19+NEMOCON!H19+COGUA!H19 -> 316219.02 | L19: PROPORCION DE EMBARAZO EN ADOLESCENTE | M19: =CAJICA!M19+COTA!M20+CHIA!M19+ZIPAQUIRA!M19+TABIO!M19+TENJO!M19+SOPO!M19+GACHANCIPA!M19+TOCANCIPA!M19+NEMOCON!M19+COGUA!M19 -> 387 | N19: =M19/M4*100 -> 9.2917167 | O19: =CAJICA!O19+COTA!O20+CHIA!O19+ZIPAQUIRA!O19+TABIO!O19+TENJO!O19+SOPO!O19+GACHANCIPA!O19+TOCANCIPA!O19+NEMOCON!O19+COGUA!O19 -> 304 | P19: =O19/O4*100 -> 6.5829363 | Q19: =CAJICA!Q19+COTA!Q20+CHIA!Q19+ZIPAQUIRA!Q19+TABIO!Q19+TENJO!Q19+SOPO!Q19+GACHANCIPA!Q19+TOCANCIPA!Q19+NEMOCON!Q19+COGUA!Q19 -> 329 | R19: =Q19/Q4*100 -> 6.91467 | S19: =CAJICA!S19+COTA!S20+CHIA!S19+ZIPAQUIRA!S19+TABIO!S19+TENJO!S19+SOPO!S19+GACHANCIPA!S19+TOCANCIPA!S19+NEMOCON!S19+COGUA!S19 -> 271 | T19: =S19/S4*100 -> 6.3689777 | U19: =CAJICA!U19+COTA!U20+CHIA!U19+ZIPAQUIRA!U19+TABIO!U19+TENJO!U19+SOPO!U19+GACHANCIPA!U19+TOCANCIPA!U19+NEMOCON!U19+COGUA!U19 -> 232 | V19: =U19/U4*100 -> 5.3480867 | W19: =CAJICA!W19+COTA!W20+CHIA!W19+ZIPAQUIRA!W19+TABIO!W19+TENJO!W19+SOPO!W19+GACHANCIPA!W19+TOCANCIPA!W19+NEMOCON!W19+COGUA!W19 -> 105 | X19: =W19/W4*100 -> 5.6756757 | Y19: =((M19+O19+Q19+S19)/4) -> 322.75 | Z19: =((N19+P19+R19+T19)/4) -> 7.2895752 | AA19: =((S19+U19)/2) -> 251.5 | AB19: =(V19+X19)/2 -> 5.5118812 | AC19: RUAF
B20: POBLACION MUJERES 10 A 14 | C20: =CAJICA!C20+COTA!C20+CHIA!C20+ZIPAQUIRA!C20+TABIO!C20+TENJO!C20+SOPO!C20+GACHANCIPA!C20+TOCANCIPA!C20+NEMOCON!C20+COGUA!C20 -> 16450 | D20: =CAJICA!D20+COTA!D20+CHIA!D20+ZIPAQUIRA!D20+TABIO!D20+TENJO!D20+SOPO!D20+GACHANCIPA!D20+TOCANCIPA!D20+NEMOCON!D20+COGUA!D20 -> 18550 | E20: =CAJICA!E20+COTA!E20+CHIA!E20+ZIPAQUIRA!E20+TABIO!E20+TENJO!E20+SOPO!E20+GACHANCIPA!E20+TOCANCIPA!E20+NEMOCON!E20+COGUA!E20 -> 18929 | F20: =CAJICA!F20+COTA!F20+CHIA!F20+ZIPAQUIRA!F20+TABIO!F20+TENJO!F20+SOPO!F20+GACHANCIPA!F20+TOCANCIPA!F20+NEMOCON!F20+COGUA!F20 -> 19365 | G20: =CAJICA!G20+COTA!G20+CHIA!G20+ZIPAQUIRA!G20+TABIO!G20+TENJO!G20+SOPO!G20+GACHANCIPA!G20+TOCANCIPA!G20+NEMOCON!G20+COGUA!G20 -> 19610 | H20: =CAJICA!H20+COTA!H20+CHIA!H20+ZIPAQUIRA!H20+TABIO!H20+TENJO!H20+SOPO!H20+GACHANCIPA!H20+TOCANCIPA!H20+NEMOCON!H20+COGUA!H20 -> 20142 | L20: TASA DE FECUNDIDAD 10 A 14 AÑOS | M20: =CAJICA!M20+COTA!M21+CHIA!M20+ZIPAQUIRA!M20+TABIO!M20+TENJO!M20+SOPO!M20+GACHANCIPA!M20+TOCANCIPA!M20+NEMOCON!M20+COGUA!M20 -> 62 | N20: =M20/C20*1000 -> 3.768997 | O20: =CAJICA!O20+COTA!O21+CHIA!O20+ZIPAQUIRA!O20+TABIO!O20+TENJO!O20+SOPO!O20+GACHANCIPA!O20+TOCANCIPA!O20+NEMOCON!O20+COGUA!O20 -> 42 | P20: =O20/D20*1000 -> 2.2641509 | Q20: =CAJICA!Q20+COTA!Q21+CHIA!Q20+ZIPAQUIRA!Q20+TABIO!Q20+TENJO!Q20+SOPO!Q20+GACHANCIPA!Q20+TOCANCIPA!Q20+NEMOCON!Q20+COGUA!Q20 -> 48 | R20: =Q20/E20*1000 -> 2.5357916 | S20: =CAJICA!S20+COTA!S21+CHIA!S20+ZIPAQUIRA!S20+TABIO!S20+TENJO!S20+SOPO!S20+GACHANCIPA!S20+TOCANCIPA!S20+NEMOCON!S20+COGUA!S20 -> 26 | T20: =S20/F20*1000 -> 1.3426285 | U20: =CAJICA!U20+COTA!U21+CHIA!U20+ZIPAQUIRA!U20+TABIO!U20+TENJO!U20+SOPO!U20+GACHANCIPA!U20+TOCANCIPA!U20+NEMOCON!U20+COGUA!U20 -> 32 | V20: =U20/G20*1000 -> 1.6318205 | W20: =CAJICA!W20+COTA!W21+CHIA!W20+ZIPAQUIRA!W20+TABIO!W20+TENJO!W20+SOPO!W20+GACHANCIPA!W20+TOCANCIPA!W20+NEMOCON!W20+COGUA!W20 -> 16 | X20: =W20/H20*1000 -> 0.79436004 | Y20: =((M20+O20+Q20+S20)/4) -> 44.5 | Z20: =((N20+P20+R20+T20)/4) -> 2.477892 | AA20: =((S20+U20)/2) -> 29 | AB20: =(V20+X20)/2 -> 1.2130903 | AC20: RUAF
B21: POBLACION MUJERES 15 A 19 | C21: =CAJICA!C21+COTA!C21+CHIA!C21+ZIPAQUIRA!C21+TABIO!C21+TENJO!C21+SOPO!C21+GACHANCIPA!C21+TOCANCIPA!C21+NEMOCON!C21+COGUA!C21 -> 18105 | D21: =CAJICA!D21+COTA!D21+CHIA!D21+ZIPAQUIRA!D21+TABIO!D21+TENJO!D21+SOPO!D21+GACHANCIPA!D21+TOCANCIPA!D21+NEMOCON!D21+COGUA!D21 -> 20077 | E21: =CAJICA!E21+COTA!E21+CHIA!E21+ZIPAQUIRA!E21+TABIO!E21+TENJO!E21+SOPO!E21+GACHANCIPA!E21+TOCANCIPA!D21+NEMOCON!E21+COGUA!E21 -> 20162 | F21: =CAJICA!F21+COTA!F21+CHIA!F21+ZIPAQUIRA!F21+TABIO!F21+TENJO!F21+SOPO!F21+GACHANCIPA!F21+TOCANCIPA!F21+NEMOCON!F21+COGUA!F21 -> 20322 | G21: =CAJICA!G21+COTA!G21+CHIA!G21+ZIPAQUIRA!G21+TABIO!G21+TENJO!G21+SOPO!G21+GACHANCIPA!G21+TOCANCIPA!G21+NEMOCON!G21+COGUA!G21 -> 20262 | H21: =CAJICA!H21+COTA!H21+CHIA!H21+ZIPAQUIRA!H21+TABIO!H21+TENJO!H21+SOPO!H21+GACHANCIPA!H21+TOCANCIPA!H21+NEMOCON!H21+COGUA!H21 -> 21255 | L21: TASA DE FECUNDIDAD 15 A 19 AÑOS | M21: =CAJICA!M21+COTA!M22+CHIA!M21+ZIPAQUIRA!M21+TABIO!M21+TENJO!M21+SOPO!M21+GACHANCIPA!M21+TOCANCIPA!M21+NEMOCON!M21+COGUA!M21 -> 527 | N21: =M21/C21*1000 -> 29.107981 | O21: =CAJICA!O21+COTA!O22+CHIA!O21+ZIPAQUIRA!O21+TABIO!O21+TENJO!O21+SOPO!O21+GACHANCIPA!O21+TOCANCIPA!O21+NEMOCON!O21+COGUA!O21 -> 420 | P21: =O21/D21*1000 -> 20.91946 | Q21: =CAJICA!Q21+COTA!Q22+CHIA!Q21+ZIPAQUIRA!Q21+TABIO!Q21+TENJO!Q21+SOPO!Q21+GACHANCIPA!Q21+TOCANCIPA!Q21+NEMOCON!Q21+COGUA!Q21 -> 508 | R21: =Q21/E21*1000 -> 25.195913 | S21: =CAJICA!S21+COTA!S22+CHIA!S21+ZIPAQUIRA!S21+TABIO!S21+TENJO!S21+SOPO!S21+GACHANCIPA!S21+TOCANCIPA!S21+NEMOCON!S21+COGUA!S21 -> 449 | T21: =S21/F21*1000 -> 22.094282 | U21: =CAJICA!U21+COTA!U22+CHIA!U21+ZIPAQUIRA!U21+TABIO!U21+TENJO!U21+SOPO!U21+GACHANCIPA!U21+TOCANCIPA!U21+NEMOCON!U21+COGUA!U21 -> 395 | V21: =U21/G21*1000 -> 19.49462 | W21: =CAJICA!W21+COTA!W22+CHIA!W21+ZIPAQUIRA!W21+TABIO!W21+TENJO!W21+SOPO!W21+GACHANCIPA!W21+TOCANCIPA!W21+NEMOCON!W21+COGUA!W21 -> 202 | X21: =W21/H21*1000 -> 9.5036462 | Y21: =((M21+O21+Q21+S21)/4) -> 476 | Z21: =((N21+P21+R21+T21)/4) -> 24.329409 | AA21: =((S21+U21)/2) -> 422 | AB21: =(V21+X21)/2 -> 14.499133 | AC21: RUAF
B22: POBLACION MUJERES EN EDAD FERTIL | C22: =CAJICA!C22+COTA!C22+CHIA!C22+ZIPAQUIRA!C22+TABIO!C22+TENJO!C22+SOPO!C22+GACHANCIPA!C22+TOCANCIPA!C22+NEMOCON!C22+COGUA!C22 -> 139579.34 | D22: =CAJICA!D22+COTA!D22+CHIA!D22+ZIPAQUIRA!D22+TABIO!D22+TENJO!D22+SOPO!D22+GACHANCIPA!D22+TOCANCIPA!D22+NEMOCON!D22+COGUA!D22 -> 144067.58 | E22: =CAJICA!E22+COTA!E22+CHIA!E22+ZIPAQUIRA!E22+TABIO!E22+TENJO!E22+SOPO!E22+GACHANCIPA!E22+TOCANCIPA!E22+NEMOCON!E22+COGUA!E22 -> 148172.76 | F22: =CAJICA!F22+COTA!F22+CHIA!F22+ZIPAQUIRA!F22+TABIO!F22+TENJO!F22+SOPO!F22+GACHANCIPA!F22+TOCANCIPA!F22+NEMOCON!F22+COGUA!F22 -> 152204.93 | G22: =CAJICA!G22+COTA!G22+CHIA!G22+ZIPAQUIRA!G22+TABIO!G22+TENJO!G22+SOPO!G22+GACHANCIPA!G22+TOCANCIPA!G22+NEMOCON!G22+COGUA!G22 -> 155236.13 | H22: =CAJICA!H22+COTA!H22+CHIA!H22+ZIPAQUIRA!H22+TABIO!H22+TENJO!H22+SOPO!H22+GACHANCIPA!H22+TOCANCIPA!H22+NEMOCON!H22+COGUA!H22 -> 159118.3 | L22: TASA DE MORTALIDAD POR ACCIDENTE DE TRANSITO | M22: =CAJICA!M22+COTA!M23+CHIA!M22+ZIPAQUIRA!M22+TABIO!M22+TENJO!M22+SOPO!M22+GACHANCIPA!M22+TOCANCIPA!M22+NEMOCON!M22+COGUA!M22 -> 39 | N22: =M22/C7*100000 -> 8.7196238 | O22: =CAJICA!O22+COTA!O23+CHIA!O22+ZIPAQUIRA!O22+TABIO!O22+TENJO!O22+SOPO!O22+GACHANCIPA!O22+TOCANCIPA!O22+NEMOCON!O22+COGUA!O22 -> 60 | P22: =O22/D7*100000 -> 12.976536 | Q22: =CAJICA!Q22+COTA!Q23+CHIA!Q22+ZIPAQUIRA!Q22+TABIO!Q22+TENJO!Q22+SOPO!Q22+GACHANCIPA!Q22+TOCANCIPA!Q22+NEMOCON!Q22+COGUA!Q22 -> 56 | R22: =Q22/E7*100000 -> 11.741937 | S22: =CAJICA!S22+COTA!S23+CHIA!S22+ZIPAQUIRA!S22+TABIO!S22+TENJO!S22+SOPO!S22+GACHANCIPA!S22+TOCANCIPA!S22+NEMOCON!S22+COGUA!S22 -> 65 | T22: =S22/F7*100000 -> 13.216379 | U22: =CAJICA!U22+COTA!U23+CHIA!U22+ZIPAQUIRA!U22+TABIO!U22+TENJO!U22+SOPO!U22+GACHANCIPA!U22+TOCANCIPA!U22+NEMOCON!U22+COGUA!U22 -> 64 | V22: =U22/G7*100000 -> #VALUE! | W22: =CAJICA!W22+COTA!W23+CHIA!W22+ZIPAQUIRA!W22+TABIO!W22+TENJO!W22+SOPO!W22+GACHANCIPA!W22+TOCANCIPA!W22+NEMOCON!W22+COGUA!W22 -> 35 | X22: =W22/H7*100000 -> 6.7248979 | Y22: =((M22+O22+Q22+S22)/4) -> 55 | Z22: =((N22+P22+R22+T22)/4) -> 11.663619 | AA22: =((S22+U22)/2) -> 64.5 | AB22: =(V22+X22)/2 -> #VALUE! | AC22: DANE
B23: POBLACION 0 A 5 AÑOS | C23: =CAJICA!C23+COTA!C23+CHIA!C23+ZIPAQUIRA!C23+TABIO!C23+TENJO!C23+SOPO!C23+GACHANCIPA!C23+TOCANCIPA!C23+NEMOCON!C23+COGUA!C23 -> 34871.126 | D23: =CAJICA!D23+COTA!D23+CHIA!D23+ZIPAQUIRA!D23+TABIO!D23+TENJO!D23+SOPO!D23+GACHANCIPA!D23+TOCANCIPA!D23+NEMOCON!D23+COGUA!D23 -> 44718.206 | E23: =CAJICA!E23+COTA!E23+CHIA!E23+ZIPAQUIRA!E23+TABIO!E23+TENJO!E23+SOPO!E23+GACHANCIPA!E23+TOCANCIPA!E23+NEMOCON!E23+COGUA!E23 -> 45489.26 | F23: =CAJICA!F23+COTA!F23+CHIA!F23+ZIPAQUIRA!F23+TABIO!F23+TENJO!F23+SOPO!F23+GACHANCIPA!F23+TOCANCIPA!F23+NEMOCON!F23+COGUA!F23 -> 45159.301 | G23: =CAJICA!G23+COTA!G23+CHIA!G23+ZIPAQUIRA!G23+TABIO!G23+TENJO!G23+SOPO!G23+GACHANCIPA!G23+TOCANCIPA!G23+NEMOCON!G23+COGUA!G23 -> 45196.265 | H23: =CAJICA!H23+COTA!H23+CHIA!H23+ZIPAQUIRA!H23+TABIO!H23+TENJO!H23+SOPO!H23+GACHANCIPA!H23+TOCANCIPA!H23+NEMOCON!H23+COGUA!H23 -> 45366.25 | L23: TASA DE MORTALIDAD POR SUICIDIO | M23: =CAJICA!M23+COTA!M24+CHIA!M23+ZIPAQUIRA!M23+TABIO!M23+TENJO!M23+SOPO!M23+GACHANCIPA!M23+TOCANCIPA!M23+NEMOCON!M23+COGUA!M23 -> 16 | N23: =M23/C7*100000 -> 3.5772816 | O23: =CAJICA!O23+COTA!O24+CHIA!O23+ZIPAQUIRA!O23+TABIO!O23+TENJO!O23+SOPO!O23+GACHANCIPA!O23+TOCANCIPA!O23+NEMOCON!O23+COGUA!O23 -> 27 | P23: =O23/D7*100000 -> 5.8394413 | Q23: =CAJICA!Q23+COTA!Q24+CHIA!Q23+ZIPAQUIRA!Q23+TABIO!Q23+TENJO!Q23+SOPO!Q23+GACHANCIPA!Q23+TOCANCIPA!Q23+NEMOCON!Q23+COGUA!Q23 -> 16 | R23: =Q23/E7*100000 -> 3.3548393 | S23: =CAJICA!S23+COTA!S24+CHIA!S23+ZIPAQUIRA!S23+TABIO!S23+TENJO!S23+SOPO!S23+GACHANCIPA!S23+TOCANCIPA!S23+NEMOCON!S23+COGUA!S23 -> 17 | T23: =S23/F7*100000 -> 3.4565913 | U23: =CAJICA!U23+COTA!U24+CHIA!U23+ZIPAQUIRA!U23+TABIO!U23+TENJO!U23+SOPO!U23+GACHANCIPA!U23+TOCANCIPA!U23+NEMOCON!U23+COGUA!U23 -> 18 | V23: =U23/G7*100000 -> #VALUE! | W23: =CAJICA!W23+COTA!W24+CHIA!W23+ZIPAQUIRA!W23+TABIO!W23+TENJO!W23+SOPO!W23+GACHANCIPA!W23+TOCANCIPA!W23+NEMOCON!W23+COGUA!W23 -> 14 | X23: =W23/H7*100000 -> 2.6899592 | Y23: =((M23+O23+Q23+S23)/4) -> 19 | Z23: =((N23+P23+R23+T23)/4) -> 4.0570384 | AA23: =((S23+U23)/2) -> 17.5 | AB23: =(V23+X23)/2 -> #VALUE! | AC23: DANE
B24: POBLACION 6 A 11 AÑOS | C24: =CAJICA!C24+COTA!C24+CHIA!C24+ZIPAQUIRA!C24+TABIO!C24+TENJO!C24+SOPO!C24+GACHANCIPA!C24+TOCANCIPA!C24+NEMOCON!C24+COGUA!C24 -> 30335.933 | D24: =CAJICA!D24+COTA!D24+CHIA!D24+ZIPAQUIRA!D24+TABIO!D24+TENJO!D24+SOPO!D24+GACHANCIPA!D24+TOCANCIPA!D24+NEMOCON!D24+COGUA!D24 -> 39670.01 | E24: =CAJICA!E24+COTA!E24+CHIA!E24+ZIPAQUIRA!E24+TABIO!E24+TENJO!E24+SOPO!E24+GACHANCIPA!E24+TOCANCIPA!E24+NEMOCON!E24+COGUA!E24 -> 40700.079 | F24: =CAJICA!F24+COTA!F24+CHIA!F24+ZIPAQUIRA!F24+TABIO!F24+TENJO!F24+SOPO!F24+GACHANCIPA!F24+TOCANCIPA!F24+NEMOCON!F24+COGUA!F24 -> 41829.148 | G24: =CAJICA!G24+COTA!G24+CHIA!G24+ZIPAQUIRA!G24+TABIO!G24+TENJO!G24+SOPO!G24+GACHANCIPA!G24+TOCANCIPA!G24+NEMOCON!G24+COGUA!G24 -> 42318.202 | H24: =CAJICA!H24+COTA!H24+CHIA!H24+ZIPAQUIRA!H24+TABIO!H24+TENJO!H24+SOPO!H24+GACHANCIPA!H24+TOCANCIPA!H24+NEMOCON!H24+COGUA!H24 -> 43357.241 | L24: TASA DE MORTALIDAD POR HOMICIDIO | M24: =CAJICA!M24+COTA!M25+CHIA!M24+ZIPAQUIRA!M24+TABIO!M24+TENJO!M24+SOPO!M24+GACHANCIPA!M24+TOCANCIPA!M24+NEMOCON!M24+COGUA!M24 -> 29 | N24: =M24/C7*100000 -> 6.4838229 | O24: =CAJICA!O24+COTA!O25+CHIA!O24+ZIPAQUIRA!O24+TABIO!O24+TENJO!O24+SOPO!O24+GACHANCIPA!O24+TOCANCIPA!O24+NEMOCON!O24+COGUA!O24 -> 43 | P24: =O24/D7*100000 -> 9.299851 | Q24: =CAJICA!Q24+COTA!Q25+CHIA!Q24+ZIPAQUIRA!Q24+TABIO!Q24+TENJO!Q24+SOPO!Q24+GACHANCIPA!Q24+TOCANCIPA!Q24+NEMOCON!Q24+COGUA!Q24 -> 56 | R24: =Q24/E7*100000 -> 11.741937 | S24: =CAJICA!S24+COTA!S25+CHIA!S24+ZIPAQUIRA!S24+TABIO!S24+TENJO!S24+SOPO!S24+GACHANCIPA!S24+TOCANCIPA!S24+NEMOCON!S24+COGUA!S24 -> 61 | T24: =S24/F7*100000 -> 12.403063 | U24: =CAJICA!U24+COTA!U25+CHIA!U24+ZIPAQUIRA!U24+TABIO!U24+TENJO!U24+SOPO!U24+GACHANCIPA!U24+TOCANCIPA!U24+NEMOCON!U24+COGUA!U24 -> 49 | V24: =U24/G7*100000 -> #VALUE! | W24: =CAJICA!W24+COTA!W25+CHIA!W24+ZIPAQUIRA!W24+TABIO!W24+TENJO!W24+SOPO!W24+GACHANCIPA!W24+TOCANCIPA!W24+NEMOCON!W24+COGUA!W24 -> 27 | X24: =W24/H7*100000 -> 5.1877784 | Y24: =((M24+O24+Q24+S24)/4) -> 47.25 | Z24: =((N24+P24+R24+T24)/4) -> 9.9821685 | AA24: =((S24+U24)/2) -> 55 | AB24: =(V24+X24)/2 -> #VALUE! | AC24: DANE
B25: POBLACION 12 A 17 AÑOS | C25: =CAJICA!C25+COTA!C25+CHIA!C25+ZIPAQUIRA!C25+TABIO!C25+TENJO!C25+SOPO!C25+GACHANCIPA!C25+TOCANCIPA!C25+NEMOCON!C25+COGUA!C25 -> 31549.904 | D25: =CAJICA!D25+COTA!D25+CHIA!D25+ZIPAQUIRA!D25+TABIO!D25+TENJO!D25+SOPO!D25+GACHANCIPA!D25+TOCANCIPA!D25+NEMOCON!D25+COGUA!D25 -> 40434.942 | E25: =CAJICA!E25+COTA!E25+CHIA!E25+ZIPAQUIRA!E25+TABIO!E25+TENJO!E25+SOPO!E25+GACHANCIPA!E25+TOCANCIPA!E25+NEMOCON!E25+COGUA!E25 -> 40935.976 | F25: =CAJICA!F25+COTA!F25+CHIA!F25+ZIPAQUIRA!F25+TABIO!F25+TENJO!F25+SOPO!F25+GACHANCIPA!F25+TOCANCIPA!F25+NEMOCON!F25+COGUA!F25 -> 41544.011 | G25: =CAJICA!G25+COTA!G25+CHIA!G25+ZIPAQUIRA!G25+TABIO!G25+TENJO!G25+SOPO!G25+GACHANCIPA!G25+TOCANCIPA!G25+NEMOCON!G25+COGUA!G25 -> 41813.068 | H25: =CAJICA!H25+COTA!H25+CHIA!H25+ZIPAQUIRA!H25+TABIO!H25+TENJO!H25+SOPO!H25+GACHANCIPA!H25+TOCANCIPA!H25+NEMOCON!H25+COGUA!H25 -> 42602.1 | L25: TASA DE INTENCION SUICIDA | M25: =CAJICA!M25+COTA!M26+CHIA!M25+ZIPAQUIRA!M25+TABIO!M25+TENJO!M25+SOPO!M25+GACHANCIPA!M25+TOCANCIPA!M25+NEMOCON!M25+COGUA!M25 -> 258 | N25: =M25/C7*100000 -> 57.683665 | O25: =CAJICA!O25+COTA!O26+CHIA!O25+ZIPAQUIRA!O25+TABIO!O25+TENJO!O25+SOPO!O25+GACHANCIPA!O25+TOCANCIPA!O25+NEMOCON!O25+COGUA!O25 -> 286 | P25: =O25/D7*100000 -> 61.854823 | Q25: =CAJICA!Q25+COTA!Q26+CHIA!Q25+ZIPAQUIRA!Q25+TABIO!Q25+TENJO!Q25+SOPO!Q25+GACHANCIPA!Q25+TOCANCIPA!Q25+NEMOCON!Q25+COGUA!Q25 -> 373 | R25: =Q25/E7*100000 -> 78.20969 | S25: =CAJICA!S25+COTA!S26+CHIA!S25+ZIPAQUIRA!S25+TABIO!S25+TENJO!S25+SOPO!S25+GACHANCIPA!S25+TOCANCIPA!S25+NEMOCON!S25+COGUA!S25 -> 427 | T25: =S25/F7*100000 -> 86.821441 | U25: =CAJICA!U25+COTA!U26+CHIA!U25+ZIPAQUIRA!U25+TABIO!U25+TENJO!U25+SOPO!U25+GACHANCIPA!U25+TOCANCIPA!U25+NEMOCON!U25+COGUA!U25 -> 442 | V25: =U25/G7*100000 -> #VALUE! | W25: =CAJICA!W25+COTA!W26+CHIA!W25+ZIPAQUIRA!W25+TABIO!W25+TENJO!W25+SOPO!W25+GACHANCIPA!W25+TOCANCIPA!W25+NEMOCON!W25+COGUA!W25 -> 185 | X25: =W25/H7*100000 -> 35.545889 | Y25: =((M25+O25+Q25+S25)/4) -> 336 | Z25: =((N25+P25+R25+T25)/4) -> 71.142405 | AA25: =((S25+U25)/2) -> 434.5 | AB25: =(V25+X25)/2 -> #VALUE! | AC25: SIVIGILA
B26: POBLACION 18 A 28 AÑOS | C26: =CAJICA!C26+COTA!C26+CHIA!C26+ZIPAQUIRA!C26+TABIO!C26+TENJO!C26+SOPO!C26+GACHANCIPA!C26+TOCANCIPA!C26+NEMOCON!C26+COGUA!C26 -> 66281.335 | D26: =CAJICA!D26+COTA!D26+CHIA!D26+ZIPAQUIRA!D26+TABIO!D26+TENJO!D26+SOPO!D26+GACHANCIPA!D26+TOCANCIPA!D26+NEMOCON!D26+COGUA!D26 -> 85038.465 | E26: =CAJICA!E26+COTA!E26+CHIA!E26+ZIPAQUIRA!E26+TABIO!E26+TENJO!E26+SOPO!E26+GACHANCIPA!E26+TOCANCIPA!E26+NEMOCON!E26+COGUA!E26 -> 86338.537 | F26: =CAJICA!F26+COTA!F26+CHIA!F26+ZIPAQUIRA!F26+TABIO!F26+TENJO!F26+SOPO!F26+GACHANCIPA!F26+TOCANCIPA!F26+NEMOCON!F26+COGUA!F26 -> 87231.583 | G26: =CAJICA!G26+COTA!G26+CHIA!G26+ZIPAQUIRA!G26+TABIO!G26+TENJO!G26+SOPO!G26+GACHANCIPA!G26+TOCANCIPA!G26+NEMOCON!G26+COGUA!G26 -> 87401.618 | H26: =CAJICA!H26+COTA!H26+CHIA!H26+ZIPAQUIRA!H26+TABIO!H26+TENJO!H26+SOPO!H26+GACHANCIPA!H26+TOCANCIPA!H26+NEMOCON!H26+COGUA!H26 -> 84542.673 | L26: TASA DE MORTALIDAD PREMATURA (<65 AÑOS) | M26: =CAJICA!M26+COTA!M27+CHIA!M26+ZIPAQUIRA!M26+TABIO!M26+TENJO!M26+SOPO!M26+GACHANCIPA!M26+TOCANCIPA!M26+NEMOCON!M26+COGUA!M26 -> 504 | N26: =M26/C7*100000 -> 112.68437 | O26: =CAJICA!O26+COTA!O27+CHIA!O26+ZIPAQUIRA!O26+TABIO!O26+TENJO!O26+SOPO!O26+GACHANCIPA!O26+TOCANCIPA!O26+NEMOCON!O26+COGUA!O26 -> 861 | P26: =O26/D7*100000 -> 186.2133 | Q26: =CAJICA!Q26+COTA!Q27+CHIA!Q26+ZIPAQUIRA!Q26+TABIO!Q26+TENJO!Q26+SOPO!Q26+GACHANCIPA!Q26+TOCANCIPA!Q26+NEMOCON!Q26+COGUA!Q26 -> 538 | R26: =Q26/E7*100000 -> 112.80647 | S26: =CAJICA!S26+COTA!S27+CHIA!S26+ZIPAQUIRA!S26+TABIO!S26+TENJO!S26+SOPO!S26+GACHANCIPA!S26+TOCANCIPA!S26+NEMOCON!S26+COGUA!S26 -> 425 | T26: =S26/F7*100000 -> 86.414783 | U26: =CAJICA!U26+COTA!U27+CHIA!U26+ZIPAQUIRA!U26+TABIO!U26+TENJO!U26+SOPO!U26+GACHANCIPA!U26+TOCANCIPA!U26+NEMOCON!U26+COGUA!U26 -> 408 | V26: =U26/G7*100000 -> #VALUE! | W26: =CAJICA!W26+COTA!W27+CHIA!W26+ZIPAQUIRA!W26+TABIO!W26+TENJO!W26+SOPO!W26+GACHANCIPA!W26+TOCANCIPA!W26+NEMOCON!W26+COGUA!W26 -> 213 | X26: =W26/H7*100000 -> 40.925807 | Y26: =((M26+O26+Q26+S26)/4) -> 582 | Z26: =((N26+P26+R26+T26)/4) -> 124.52973 | AA26: =((S26+U26)/2) -> 416.5 | AB26: =(V26+X26)/2 -> #VALUE! | AC26: DANE
B27: POBLACION ADULTO MAYOR | C27: =CAJICA!C27+COTA!C27+CHIA!C27+ZIPAQUIRA!C27+TABIO!C27+TENJO!C27+SOPO!C27+GACHANCIPA!C27+TOCANCIPA!C27+NEMOCON!C27+COGUA!C27 -> 39155.477 | D27: =CAJICA!D27+COTA!D27+CHIA!D27+ZIPAQUIRA!D27+TABIO!D27+TENJO!D27+SOPO!D27+GACHANCIPA!D27+TOCANCIPA!D27+NEMOCON!D27+COGUA!D27 -> 37472.561 | E27: =CAJICA!E27+COTA!E27+CHIA!E27+ZIPAQUIRA!E27+TABIO!E27+TENJO!E27+SOPO!E27+GACHANCIPA!E27+TOCANCIPA!E27+NEMOCON!E27+COGUA!E27 -> 42870.642 | F27: =CAJICA!F27+COTA!F27+CHIA!F27+ZIPAQUIRA!F27+TABIO!F27+TENJO!F27+SOPO!F27+GACHANCIPA!F27+TOCANCIPA!F27+NEMOCON!F27+COGUA!F27 -> 45914.727 | G27: =CAJICA!G27+COTA!G27+CHIA!G27+ZIPAQUIRA!G27+TABIO!G27+TENJO!G27+SOPO!G27+GACHANCIPA!G27+TOCANCIPA!G27+NEMOCON!G27+COGUA!G27 -> #VALUE! | H27: =CAJICA!H27+COTA!H27+CHIA!H27+ZIPAQUIRA!H27+TABIO!H27+TENJO!H27+SOPO!H27+GACHANCIPA!H27+TOCANCIPA!H27+NEMOCON!H27+COGUA!H27 -> #VALUE! | L27: TASA DE MORTALIDAD POR CANCER DE CUELLO UTERINO | M27: =CAJICA!M27+COTA!M28+CHIA!M27+ZIPAQUIRA!M27+TABIO!M27+TENJO!M27+SOPO!M27+GACHANCIPA!M27+TOCANCIPA!M27+NEMOCON!M27+COGUA!M27 -> 12 | N27: =M27/C11*100000 -> 5.4247413 | O27: =CAJICA!O27+COTA!O28+CHIA!O27+ZIPAQUIRA!O27+TABIO!O27+TENJO!O27+SOPO!O27+GACHANCIPA!O27+TOCANCIPA!O27+NEMOCON!O27+COGUA!O27 -> 14 | P27: =O27/D11*100000 -> 6.5336664 | Q27: =CAJICA!Q27+COTA!Q28+CHIA!Q27+ZIPAQUIRA!Q27+TABIO!Q27+TENJO!Q27+SOPO!Q27+GACHANCIPA!Q27+TOCANCIPA!Q27+NEMOCON!Q27+COGUA!Q27 -> 14 | R27: =Q27/E11*100000 -> 5.928953 | S27: =CAJICA!S27+COTA!S28+CHIA!S27+ZIPAQUIRA!S27+TABIO!S27+TENJO!S27+SOPO!S27+GACHANCIPA!S27+TOCANCIPA!S27+NEMOCON!S27+COGUA!S27 -> 12 | T27: =S27/F11*100000 -> 4.9401081 | U27: =CAJICA!U27+COTA!U28+CHIA!U27+ZIPAQUIRA!U27+TABIO!U27+TENJO!U27+SOPO!U27+GACHANCIPA!U27+TOCANCIPA!U27+NEMOCON!U27+COGUA!U27 -> 15 | V27: =U27/G11*100000 -> 6.0398645 | W27: =CAJICA!W27+COTA!W28+CHIA!W27+ZIPAQUIRA!W27+TABIO!W27+TENJO!W27+SOPO!W27+GACHANCIPA!W27+TOCANCIPA!W27+NEMOCON!W27+COGUA!W27 -> 2 | X27: =W27/H11*100000 -> 0.78359103 | Y27: =((M27+O27+Q27+S27)/4) -> 13 | Z27: =((N27+P27+R27+T27)/4) -> 5.7068672 | AA27: =((S27+U27)/2) -> 13.5 | AB27: =(V27+X27)/2 -> 3.4117278 | AC27: DANE
L28: TASA DE MORTALIDAD POR CANCER DE MAMA | M28: =CAJICA!M28+COTA!M29+CHIA!M28+ZIPAQUIRA!M28+TABIO!M28+TENJO!M28+SOPO!M28+GACHANCIPA!M28+TOCANCIPA!M28+NEMOCON!M28+COGUA!M28 -> 26 | N28: =M28/C11*100000 -> 11.753606 | O28: =CAJICA!O28+COTA!O29+CHIA!O28+ZIPAQUIRA!O28+TABIO!O28+TENJO!O28+SOPO!O28+GACHANCIPA!O28+TOCANCIPA!O28+NEMOCON!O28+COGUA!O28 -> 29 | P28: =O28/D11*100000 -> 13.534023 | Q28: =CAJICA!Q28+COTA!Q29+CHIA!Q28+ZIPAQUIRA!Q28+TABIO!Q28+TENJO!Q28+SOPO!Q28+GACHANCIPA!Q28+TOCANCIPA!Q28+NEMOCON!Q28+COGUA!Q28 -> 22 | R28: =Q28/E11*100000 -> 9.3169261 | S28: =CAJICA!S28+COTA!S29+CHIA!S28+ZIPAQUIRA!S28+TABIO!S28+TENJO!S28+SOPO!S28+GACHANCIPA!S28+TOCANCIPA!S28+NEMOCON!S28+COGUA!S28 -> 27 | T28: =S28/F11*100000 -> 11.115243 | U28: =CAJICA!U28+COTA!U29+CHIA!U28+ZIPAQUIRA!U28+TABIO!U28+TENJO!U28+SOPO!U28+GACHANCIPA!U28+TOCANCIPA!U28+NEMOCON!U28+COGUA!U28 -> 22 | V28: =U28/G11*100000 -> 8.8584679 | W28: =CAJICA!W28+COTA!W29+CHIA!W28+ZIPAQUIRA!W28+TABIO!W28+TENJO!W28+SOPO!W28+GACHANCIPA!W28+TOCANCIPA!W28+NEMOCON!W28+COGUA!W28 -> 8 | X28: =W28/H11*100000 -> 3.1343641 | Y28: =((M28+O28+Q28+S28)/4) -> 26 | Z28: =((N28+P28+R28+T28)/4) -> 11.42995 | AA28: =((S28+U28)/2) -> 24.5 | AB28: =(V28+X28)/2 -> 5.996416 | AC28: DANE
L29: TASA DE MORTALIDAD POR CANCER DE PROSTATA | M29: =CAJICA!M29+COTA!M30+CHIA!M29+ZIPAQUIRA!M29+TABIO!M29+TENJO!M29+SOPO!M29+GACHANCIPA!M29+TOCANCIPA!M29+NEMOCON!M29+COGUA!M29 -> 44 | N29: =M29/C10*100000 -> 20.934868 | O29: =CAJICA!O29+COTA!O30+CHIA!O29+ZIPAQUIRA!O29+TABIO!O29+TENJO!O29+SOPO!O29+GACHANCIPA!O29+TOCANCIPA!O29+NEMOCON!O29+COGUA!O29 -> 74 | P29: =O29/D10*100000 -> 36.366813 | Q29: =CAJICA!Q29+COTA!Q30+CHIA!Q29+ZIPAQUIRA!Q29+TABIO!Q29+TENJO!Q29+SOPO!Q29+GACHANCIPA!Q29+TOCANCIPA!Q29+NEMOCON!Q29+COGUA!Q29 -> 16 | R29: =Q29/E10*100000 -> #VALUE! | S29: =CAJICA!S29+COTA!S30+CHIA!S29+ZIPAQUIRA!S29+TABIO!S29+TENJO!S29+SOPO!S29+GACHANCIPA!S29+TOCANCIPA!S29+NEMOCON!S29+COGUA!S29 -> 25 | T29: =S29/F10*100000 -> 10.787174 | U29: =CAJICA!U29+COTA!U30+CHIA!U29+ZIPAQUIRA!U29+TABIO!U29+TENJO!U29+SOPO!U29+GACHANCIPA!U29+TOCANCIPA!U29+NEMOCON!U29+COGUA!U29 -> 28 | V29: =U29/G10*100000 -> 11.881776 | W29: =CAJICA!W29+COTA!W30+CHIA!W29+ZIPAQUIRA!W29+TABIO!W29+TENJO!W29+SOPO!W29+GACHANCIPA!W29+TOCANCIPA!W29+NEMOCON!W29+COGUA!W29 -> 11 | X29: =W29/H10*100000 -> 4.5304916 | Y29: =((M29+O29+Q29+S29)/4) -> 39.75 | Z29: =((N29+P29+R29+T29)/4) -> #VALUE! | AA29: =((S29+U29)/2) -> 26.5 | AB29: =(V29+X29)/2 -> 8.2061339 | AC29: DANE
B30: MOMENTO CURSO DE VIDA | C30: AÑO 2020 | D30: AÑO 2021 | E30: AÑO 2022 | F30: AÑO 2023 | G30: AÑO 2024 | H30: AÑO 2025 | L30: TASA DE MORTALIDAD POR ENFERMEDADES TRASMISIBLES | M30: =CAJICA!M30+COTA!M31+CHIA!M30+ZIPAQUIRA!M30+TABIO!M30+TENJO!M30+SOPO!M30+GACHANCIPA!M30+TOCANCIPA!M30+NEMOCON!M30+COGUA!M30 -> 398 | N30: =M30/C7*100000 -> 88.984879 | O30: =CAJICA!O30+COTA!O31+CHIA!O30+ZIPAQUIRA!O30+TABIO!O30+TENJO!O30+SOPO!O30+GACHANCIPA!O30+TOCANCIPA!O30+NEMOCON!O30+COGUA!O30 -> 851 | P30: =O30/D7*100000 -> 184.05054 | Q30: =CAJICA!Q30+COTA!Q31+CHIA!Q30+ZIPAQUIRA!Q30+TABIO!Q30+TENJO!Q30+SOPO!Q30+GACHANCIPA!Q30+TOCANCIPA!Q30+NEMOCON!Q30+COGUA!Q30 -> 166 | R30: =Q30/E7*100000 -> 34.806457 | S30: =CAJICA!S30+COTA!S31+CHIA!S30+ZIPAQUIRA!S30+TABIO!S30+TENJO!S30+SOPO!S30+GACHANCIPA!S30+TOCANCIPA!S30+NEMOCON!S30+COGUA!S30 -> 82 | T30: =S30/F7*100000 -> 16.67297 | U30: =CAJICA!U30+COTA!U31+CHIA!U30+ZIPAQUIRA!U30+TABIO!U30+TENJO!U30+SOPO!U30+GACHANCIPA!U30+TOCANCIPA!U30+NEMOCON!U30+COGUA!U30 -> 104 | V30: =U30/G7*100000 -> #VALUE! | W30: =CAJICA!W30+COTA!W31+CHIA!W30+ZIPAQUIRA!W30+TABIO!W30+TENJO!W30+SOPO!W30+GACHANCIPA!W30+TOCANCIPA!W30+NEMOCON!W30+COGUA!W30 -> 23 | X30: =W30/H7*100000 -> 4.4192186 | Y30: =((M30+O30+Q30+S30)/4) -> 374.25 | Z30: =((N30+P30+R30+T30)/4) -> 81.128711 | AA30: =((S30+U30)/2) -> 93 | AB30: =(V30+X30)/2 -> #VALUE! | AC30: DANE
B31: POBLACION PRIMERA INFANCIA | C31: =CAJICA!C31+COTA!C31+CHIA!C31+ZIPAQUIRA!C31+TABIO!C31+TENJO!C31+SOPO!C31+GACHANCIPA!C31+TOCANCIPA!C31+NEMOCON!C31+COGUA!C31 -> 21129.126 | D31: =CAJICA!D31+COTA!D31+CHIA!D31+ZIPAQUIRA!D31+TABIO!D31+TENJO!D31+SOPO!D31+GACHANCIPA!D31+TOCANCIPA!D31+NEMOCON!D31+COGUA!D31 -> 30527.206 | E31: =CAJICA!E31+COTA!E31+CHIA!E31+ZIPAQUIRA!E31+TABIO!E31+TENJO!E31+SOPO!E31+GACHANCIPA!E31+TOCANCIPA!E31+NEMOCON!E31+COGUA!E31 -> 31006.26 | F31: =CAJICA!F31+COTA!F31+CHIA!F31+ZIPAQUIRA!F31+TABIO!F31+TENJO!F31+SOPO!F31+GACHANCIPA!F31+#REF!+NEMOCON!F31+COGUA!F31 -> #REF! | G31: =CAJICA!G31+COTA!G31+CHIA!G31+ZIPAQUIRA!G31+TABIO!G31+TENJO!G31+SOPO!G31+GACHANCIPA!G31+TOCANCIPA!G31+NEMOCON!G31+COGUA!G31 -> 30641.265 | H31: =CAJICA!H31+COTA!H31+CHIA!H31+ZIPAQUIRA!H31+TABIO!H31+TENJO!H31+SOPO!H31+GACHANCIPA!H31+TOCANCIPA!A31+NEMOCON!H31+COGUA!H31 -> 23683.445 | L31: TASA DE MORTALIDAD POR VIH | M31: =CAJICA!M31+COTA!M32+CHIA!M31+ZIPAQUIRA!M31+TABIO!M31+TENJO!M31+SOPO!M31+GACHANCIPA!M31+TOCANCIPA!M31+NEMOCON!M31+COGUA!M31 -> 27 | N31: =M31/C7*100000 -> 6.0366627 | O31: =CAJICA!O31+COTA!O32+CHIA!O31+ZIPAQUIRA!O31+TABIO!O31+TENJO!O31+SOPO!O31+GACHANCIPA!O31+TOCANCIPA!O31+NEMOCON!O31+COGUA!O31 -> 13 | P31: =O31/D7*100000 -> 2.8115829 | Q31: =CAJICA!Q31+COTA!Q32+CHIA!Q31+ZIPAQUIRA!Q31+TABIO!Q31+TENJO!Q31+SOPO!Q31+GACHANCIPA!Q31+TOCANCIPA!Q31+NEMOCON!Q31+COGUA!Q31 -> 13 | R31: =Q31/E7*100000 -> 2.7258069 | S31: =CAJICA!S31+COTA!S32+CHIA!S31+ZIPAQUIRA!S31+TABIO!S31+TENJO!S31+SOPO!S31+GACHANCIPA!S31+TOCANCIPA!S31+NEMOCON!S31+COGUA!S31 -> 22 | T31: =S31/F7*100000 -> 4.4732358 | U31: =CAJICA!U31+COTA!U32+CHIA!U31+ZIPAQUIRA!U31+TABIO!U31+TENJO!U31+SOPO!U31+GACHANCIPA!U31+TOCANCIPA!U31+NEMOCON!U31+COGUA!U31 -> 14 | V31: =U31/G7*100000 -> #VALUE! | W31: =CAJICA!W31+COTA!W32+CHIA!W31+ZIPAQUIRA!W31+TABIO!W31+TENJO!W31+SOPO!W31+GACHANCIPA!W31+TOCANCIPA!W31+NEMOCON!W31+COGUA!W31 -> 4 | X31: =W31/H7*100000 -> 0.76855976 | Y31: =((M31+O31+Q31+S31)/4) -> 18.75 | Z31: =((N31+P31+R31+T31)/4) -> 4.0118221 | AA31: =((S31+U31)/2) -> 18 | AB31: =(V31+X31)/2 -> #VALUE! | AC31: DANE
B32: POBLACIÓN INFANCIA | C32: =CAJICA!C32+COTA!C32+CHIA!C32+ZIPAQUIRA!C32+TABIO!C32+TENJO!C32+SOPO!C32+GACHANCIPA!C32+TOCANCIPA!C32+NEMOCON!C32+COGUA!C32 -> 17397.933 | D32: =CAJICA!D32+COTA!D32+CHIA!D32+ZIPAQUIRA!D32+TABIO!D32+TENJO!D32+SOPO!D32+GACHANCIPA!D32+TOCANCIPA!D32+NEMOCON!D32+COGUA!D32 -> 26264.01 | E32: =CAJICA!E32+COTA!E32+CHIA!E32+ZIPAQUIRA!E32+TABIO!E32+TENJO!E32+SOPO!E32+GACHANCIPA!E32+TOCANCIPA!A32+NEMOCON!E32+COGUA!E32 -> 22609.079 | F32: =CAJICA!F32+COTA!F32+CHIA!F32+ZIPAQUIRA!F32+TABIO!F32+TENJO!F32+SOPO!F32+GACHANCIPA!F32+TOCANCIPA!F32+NEMOCON!F32+COGUA!F32 -> 27784.148 | G32: =CAJICA!G32+COTA!G32+CHIA!G32+ZIPAQUIRA!G32+TABIO!G32+TENJO!G32+SOPO!G32+GACHANCIPA!G32+TOCANCIPA!G32+NEMOCON!G32+COGUA!G32 -> 27860.202 | H32: =CAJICA!H32+COTA!H32+CHIA!H32+ZIPAQUIRA!H32+TABIO!H32+TENJO!H32+SOPO!H32+GACHANCIPA!H32+TOCANCIPA!H32+NEMOCON!H32+COGUA!H32 -> 25969.844 | L32: PORCENTAJE DE PREVALENCIA VIH | M32: =CAJICA!M32+COTA!M33+CHIA!M32+ZIPAQUIRA!M32+TABIO!M32+TENJO!M32+SOPO!M32+GACHANCIPA!M32+TOCANCIPA!M32+NEMOCON!M32+COGUA!M32 -> 1632 | N32: =M32/C7*100 -> 0.36488272 | O32: =CAJICA!O32+COTA!O33+CHIA!O32+ZIPAQUIRA!O32+TABIO!O32+TENJO!O32+SOPO!O32+GACHANCIPA!O32+TOCANCIPA!O32+NEMOCON!O32+COGUA!O32 -> 2230 | P32: =O32/D7*100 -> 0.4822946 | Q32: =CAJICA!Q32+COTA!Q33+CHIA!Q32+ZIPAQUIRA!Q32+TABIO!Q32+TENJO!Q32+SOPO!Q32+GACHANCIPA!Q32+TOCANCIPA!Q32+NEMOCON!Q32+COGUA!Q32 -> 2232 | R32: =Q32/E7*100 -> 0.46800008 | S32: =CAJICA!S32+COTA!S33+CHIA!S32+ZIPAQUIRA!S32+TABIO!S32+TENJO!S32+SOPO!S32+GACHANCIPA!S32+TOCANCIPA!S32+NEMOCON!S32+COGUA!S32 -> 1918 | T32: =S32/F7*100 -> 0.38998483 | U32: =CAJICA!U32+COTA!U33+CHIA!U32+ZIPAQUIRA!U32+TABIO!U32+TENJO!U32+SOPO!U32+GACHANCIPA!U32+TOCANCIPA!U32+NEMOCON!U32+COGUA!U32 -> 1988 | V32: =U32/G7*100 -> #VALUE! | W32: =CAJICA!W32+COTA!W33+CHIA!W32+ZIPAQUIRA!W32+TABIO!W32+TENJO!W32+SOPO!W32+GACHANCIPA!W32+TOCANCIPA!W32+NEMOCON!W32+COGUA!W32 -> 986 | X32: =W32/H7*100 -> 0.18944998 | Y32: =((M32+O32+Q32+S32)/4) -> 2003 | Z32: =((N32+P32+R32+T32)/4) -> 0.42629056 | AA32: =((S32+U32)/2) -> 1953 | AB32: =(V32+X32)/2 -> #VALUE! | AC32: SIVIGILA
B33: POBLACION ADOLESCENCIA | C33: =CAJICA!C33+COTA!C33+CHIA!C33+ZIPAQUIRA!C33+TABIO!C33+TENJO!C33+SOPO!C33+GACHANCIPA!C33+TOCANCIPA!C33+NEMOCON!C33+COGUA!C33 -> 18723.904 | D33: =CAJICA!D33+COTA!D33+CHIA!D33+ZIPAQUIRA!D33+TABIO!D33+TENJO!D33+SOPO!D33+GACHANCIPA!D33+TOCANCIPA!D33+NEMOCON!D33+COGUA!D33 -> 27402.942 | E33: =CAJICA!E33+COTA!E33+CHIA!E33+ZIPAQUIRA!E33+TABIO!E33+TENJO!E33+SOPO!E33+GACHANCIPA!E33+TOCANCIPA!E33+NEMOCON!E33+COGUA!E33 -> 27743.976 | F33: =CAJICA!F33+COTA!F33+CHIA!F33+ZIPAQUIRA!F33+TABIO!F33+TENJO!F33+SOPO!F33+GACHANCIPA!F33+TOCANCIPA!F33+NEMOCON!F33+COGUA!F33 -> 28167.011 | G33: =CAJICA!G33+COTA!G33+CHIA!G33+ZIPAQUIRA!G33+TABIO!G33+TENJO!G33+SOPO!G33+GACHANCIPA!G33+TOCANCIPA!G33+NEMOCON!G33+COGUA!G33 -> 28088.068 | H33: =CAJICA!H33+COTA!H33+CHIA!H33+ZIPAQUIRA!H33+TABIO!H33+TENJO!H33+SOPO!H33+GACHANCIPA!H33+TOCANCIPA!H33+NEMOCON!H33+COGUA!H33 -> 25762.947 | L33: TASA DE MORBILIDAD POR IRA | M33: =CAJICA!M33+COTA!M34+CHIA!M33+ZIPAQUIRA!M33+TABIO!M33+TENJO!M33+SOPO!M33+GACHANCIPA!M33+TOCANCIPA!M33+NEMOCON!M33+COGUA!M33 -> 43118 | N33: =M33/C7*10000 -> 964.03267 | O33: =CAJICA!O33+COTA!O34+CHIA!O33+ZIPAQUIRA!O33+TABIO!O33+TENJO!O33+SOPO!O33+GACHANCIPA!O33+TOCANCIPA!O33+NEMOCON!O33+COGUA!O33 -> 55528 | P33: =O33/D7*10000 -> 1200.9352 | Q33: =CAJICA!Q33+COTA!Q34+CHIA!Q33+ZIPAQUIRA!Q33+TABIO!Q33+TENJO!Q33+SOPO!Q33+GACHANCIPA!Q33+TOCANCIPA!Q33+NEMOCON!Q33+COGUA!Q33 -> 71803 | R33: =Q33/E7*10000 -> 1505.547 | S33: =CAJICA!S33+COTA!S34+CHIA!S33+ZIPAQUIRA!S33+TABIO!S33+TENJO!S33+SOPO!S33+GACHANCIPA!S33+TOCANCIPA!S33+NEMOCON!S33+COGUA!S33 -> 64996 | T33: =S33/F7*10000 -> 1321.5565 | U33: =CAJICA!U33+COTA!U34+CHIA!U33+ZIPAQUIRA!U33+TABIO!U33+TENJO!U33+SOPO!U33+GACHANCIPA!U33+TOCANCIPA!U33+NEMOCON!U33+COGUA!U33 -> 66870 | V33: =U33/G7*10000 -> #VALUE! | W33: =CAJICA!W33+COTA!W34+CHIA!W33+ZIPAQUIRA!W33+TABIO!W33+TENJO!W33+SOPO!W33+GACHANCIPA!W33+TOCANCIPA!W33+NEMOCON!W33+COGUA!W33 -> 35075 | X33: =W33/H7*10000 -> 673.93084 | Y33: =((M33+O33+Q33+S33)/4) -> 58861.25 | Z33: =((N33+P33+R33+T33)/4) -> 1248.0178 | AA33: =((S33+U33)/2) -> 65933 | AB33: =(V33+X33)/2 -> #VALUE! | AC33: SIVIGILA
B34: POBLACIÓN JUVENTUD | C34: =CAJICA!C34+COTA!C34+CHIA!C34+ZIPAQUIRA!C34+TABIO!C34+TENJO!C34+SOPO!C34+GACHANCIPA!C34+TOCANCIPA!C34+NEMOCON!C34+COGUA!C34 -> 39073.335 | D34: =CAJICA!D34+COTA!D34+CHIA!D34+ZIPAQUIRA!D34+TABIO!D34+TENJO!D34+SOPO!D34+GACHANCIPA!D34+TOCANCIPA!A35+NEMOCON!D34+COGUA!D34 -> 47469.465 | E34: =CAJICA!E34+COTA!E34+CHIA!E34+ZIPAQUIRA!E34+TABIO!E34+TENJO!E34+SOPO!E34+GACHANCIPA!E34+TOCANCIPA!E34+NEMOCON!E34+COGUA!E34 -> 58132.537 | F34: =CAJICA!F34+COTA!F34+CHIA!F34+ZIPAQUIRA!F34+TABIO!F34+TENJO!F34+SOPO!F34+GACHANCIPA!F34+TOCANCIPA!F34+NEMOCON!F34+COGUA!F34 -> 58898.583 | G34: =CAJICA!G34+COTA!G34+CHIA!G34+ZIPAQUIRA!G34+TABIO!G34+TENJO!G34+SOPO!G34+GACHANCIPA!G34+TOCANCIPA!G34+NEMOCON!G34+COGUA!G34 -> 59137.618 | H34: =CAJICA!H34+COTA!H34+CHIA!H34+ZIPAQUIRA!H34+TABIO!H34+TENJO!H34+SOPO!H34+GACHANCIPA!H34+TOCANCIPA!H34+NEMOCON!H34+COGUA!H34 -> 50332.6 | L34: TASA DE MORBILIDAD POR EDA | M34: =CAJICA!M34+COTA!M35+CHIA!M34+ZIPAQUIRA!M34+TABIO!M34+TENJO!M34+SOPO!M34+GACHANCIPA!M34+TOCANCIPA!M34+NEMOCON!M34+COGUA!M34 -> 17013 | N34: =M34/C7*10000 -> 380.37682 | O34: =CAJICA!O34+COTA!O35+CHIA!O34+ZIPAQUIRA!O34+TABIO!O34+TENJO!O34+SOPO!O34+GACHANCIPA!O34+TOCANCIPA!O34+NEMOCON!O34+COGUA!O34 -> 17484 | P34: =O34/D7*10000 -> 378.13627 | Q34: =CAJICA!Q34+COTA!Q35+CHIA!Q34+ZIPAQUIRA!Q34+TABIO!Q34+TENJO!Q34+SOPO!Q34+GACHANCIPA!Q34+TOCANCIPA!Q34+NEMOCON!Q34+COGUA!Q34 -> 25305 | R34: =Q34/E7*10000 -> 530.5888 | S34: =CAJICA!S34+COTA!S35+CHIA!S34+ZIPAQUIRA!S34+TABIO!S34+TENJO!S34+SOPO!S34+GACHANCIPA!S34+TOCANCIPA!S34+NEMOCON!S34+COGUA!S34 -> 23776 | T34: =S34/F7*10000 -> 483.43479 | U34: =CAJICA!U34+COTA!U35+CHIA!U34+ZIPAQUIRA!U34+TABIO!U34+TENJO!U34+SOPO!U34+GACHANCIPA!U34+TOCANCIPA!U34+NEMOCON!U34+COGUA!U34 -> 33304 | V34: =U34/G7*10000 -> #VALUE! | W34: =CAJICA!W34+COTA!W35+CHIA!W34+ZIPAQUIRA!W34+TABIO!W34+TENJO!W34+SOPO!W34+GACHANCIPA!W34+TOCANCIPA!W34+NEMOCON!W34+COGUA!W34 -> 18250 | X34: =W34/H7*10000 -> 350.65539 | Y34: =((M34+O34+Q34+S34)/4) -> 20894.5 | Z34: =((N34+P34+R34+T34)/4) -> 443.13417 | AA34: =((S34+U34)/2) -> 28540 | AB34: =(V34+X34)/2 -> #VALUE! | AC34: SIVIGILA
B35: POBLACIÓN ADULTEZ | C35: =CAJICA!C35+COTA!C35+CHIA!C35+ZIPAQUIRA!C35+TABIO!C35+TENJO!C35+SOPO!C35+GACHANCIPA!C35+TOCANCIPA!C35+NEMOCON!C35+COGUA!C35 -> 82024.601 | D35: =CAJICA!D35+#REF!+CHIA!D35+ZIPAQUIRA!D35+TABIO!D35+TENJO!D35+SOPO!D35+GACHANCIPA!D35+TOCANCIPA!D35+NEMOCON!D35+COGUA!D35 -> #REF! | E35: =CAJICA!E35+#REF!+CHIA!E35+ZIPAQUIRA!E35+TABIO!E35+TENJO!E35+SOPO!E35+GACHANCIPA!E35+TOCANCIPA!E35+NEMOCON!E35+COGUA!E35 -> #REF! | F35: =CAJICA!F35+#REF!+CHIA!F35+ZIPAQUIRA!F35+TABIO!F35+TENJO!F35+SOPO!F35+GACHANCIPA!F35+TOCANCIPA!F35+NEMOCON!F35+COGUA!F35 -> #REF! | G35: =CAJICA!G35+#REF!+CHIA!G35+ZIPAQUIRA!G35+TABIO!G35+TENJO!G35+SOPO!G35+GACHANCIPA!G35+TOCANCIPA!G35+NEMOCON!G35+COGUA!G35 -> #REF! | H35: =CAJICA!H35+#REF!+CHIA!H35+ZIPAQUIRA!H35+TABIO!H35+TENJO!H35+SOPO!H35+GACHANCIPA!H35+TOCANCIPA!H35+NEMOCON!H35+COGUA!H35 -> #REF! | L35: RAZON DE MORBILIDAD MATERNA EXTREMA | M35: =CAJICA!M35+COTA!M36+CHIA!M35+ZIPAQUIRA!M35+TABIO!M35+TENJO!M35+SOPO!M35+GACHANCIPA!M35+TOCANCIPA!M35+NEMOCON!M35+COGUA!M35 -> 293 | N35: =M35/M4*1000 -> 70.348139 | O35: =CAJICA!O35+COTA!O36+CHIA!O35+ZIPAQUIRA!O35+TABIO!O35+TENJO!O35+SOPO!O35+GACHANCIPA!O35+TOCANCIPA!O35+NEMOCON!O35+COGUA!O35 -> 319 | P35: =O35/O4*1000 -> 69.077523 | Q35: =CAJICA!Q35+COTA!Q36+CHIA!Q35+ZIPAQUIRA!Q35+TABIO!Q35+TENJO!Q35+SOPO!Q35+GACHANCIPA!Q35+TOCANCIPA!Q35+NEMOCON!Q35+COGUA!Q35 -> 343 | R35: =Q35/Q4*1000 -> 72.089113 | S35: =CAJICA!S35+COTA!S36+CHIA!S35+ZIPAQUIRA!S35+TABIO!S35+TENJO!S35+SOPO!S35+GACHANCIPA!S35+TOCANCIPA!S35+NEMOCON!S35+COGUA!S35 -> 215 | T35: =S35/S4*1000 -> 50.52879 | U35: =CAJICA!U35+COTA!U36+CHIA!U35+ZIPAQUIRA!U35+TABIO!U35+TENJO!U35+SOPO!U35+GACHANCIPA!U35+TOCANCIPA!U35+NEMOCON!U35+COGUA!U35 -> 369 | V35: =U35/U4*1000 -> 85.062241 | W35: =CAJICA!W35+COTA!W36+CHIA!W35+ZIPAQUIRA!W35+TABIO!W35+TENJO!W35+SOPO!W35+GACHANCIPA!W35+TOCANCIPA!W35+NEMOCON!W35+COGUA!W35 -> 200 | X35: =W35/W4*1000 -> 108.10811 | Y35: =((M35+O35+Q35+S35)/4) -> 292.5 | Z35: =((N35+P35+R35+T35)/4) -> 65.510891 | AA35: =((S35+U35)/2) -> 292 | AB35: =(V35+X35)/2 -> 96.585174 | AC35: SIVIGILA
B36: POBLACIÓN VEJEZ | C36: =CAJICA!C36+COTA!C36+CHIA!C36+ZIPAQUIRA!C36+TABIO!C36+TENJO!C36+SOPO!C36+GACHANCIPA!C36+TOCANCIPA!A36+NEMOCON!C36+COGUA!C36 -> 16398.477 | D36: =CAJICA!D36+COTA!D35+CHIA!D36+ZIPAQUIRA!D36+TABIO!D36+TENJO!D36+SOPO!D36+GACHANCIPA!D36+TOCANCIPA!D36+NEMOCON!D36+COGUA!D36 -> 35129.561 | E36: =CAJICA!E36+COTA!E35+CHIA!E36+ZIPAQUIRA!E36+TABIO!E36+TENJO!E36+SOPO!E36+GACHANCIPA!E36+TOCANCIPA!E36+NEMOCON!E36+COGUA!E36 -> 107620.12 | F36: =CAJICA!F36+COTA!F35+CHIA!F36+ZIPAQUIRA!F36+TABIO!F36+TENJO!F36+SOPO!F36+GACHANCIPA!F36+TOCANCIPA!F36+NEMOCON!F36+COGUA!F36 -> 110838.39 | G36: =CAJICA!G36+COTA!G35+CHIA!G36+ZIPAQUIRA!G36+TABIO!G36+TENJO!G36+SOPO!G36+GACHANCIPA!G36+TOCANCIPA!G36+NEMOCON!G36+COGUA!G36 -> #VALUE! | H36: =CAJICA!H36+COTA!H35+CHIA!H36+ZIPAQUIRA!H36+TABIO!H36+TENJO!H36+SOPO!H36+GACHANCIPA!H36+TOCANCIPA!H36+NEMOCON!H36+COGUA!H36 -> #VALUE! | L36: TASA DE SIFILIS GESTACIONAL | M36: =CAJICA!M36+COTA!M37+CHIA!M36+ZIPAQUIRA!M36+TABIO!M36+TENJO!M36+SOPO!M36+GACHANCIPA!M36+TOCANCIPA!M36+NEMOCON!M36+COGUA!M36 -> 42 | N36: =M36/M4*1000 -> 10.084034 | O36: =CAJICA!O36+COTA!O37+CHIA!O36+ZIPAQUIRA!O36+TABIO!O36+TENJO!O36+SOPO!O36+GACHANCIPA!O36+TOCANCIPA!O36+NEMOCON!O36+COGUA!O36 -> 25 | P36: =O36/O4*1000 -> 5.413599 | Q36: =CAJICA!Q36+COTA!Q37+CHIA!Q36+ZIPAQUIRA!Q36+TABIO!Q36+TENJO!Q36+SOPO!Q36+GACHANCIPA!Q36+TOCANCIPA!Q36+NEMOCON!Q36+COGUA!Q36 -> 37 | R36: =Q36/Q4*1000 -> 7.7763766 | S36: =CAJICA!S36+COTA!S37+CHIA!S36+ZIPAQUIRA!S36+TABIO!S36+TENJO!S36+SOPO!S36+GACHANCIPA!S36+TOCANCIPA!S36+NEMOCON!S36+COGUA!S36 -> 36 | T36: =S36/S4*1000 -> 8.4606345 | U36: =CAJICA!U36+COTA!U37+CHIA!U36+ZIPAQUIRA!U36+TABIO!U36+TENJO!U36+SOPO!U36+GACHANCIPA!U36+TOCANCIPA!U36+NEMOCON!U36+COGUA!U36 -> 60 | V36: =U36/U4*1000 -> 13.831259 | W36: =CAJICA!W36+COTA!W37+CHIA!W36+ZIPAQUIRA!W36+TABIO!W36+TENJO!W36+SOPO!W36+GACHANCIPA!W36+TOCANCIPA!W36+NEMOCON!W36+COGUA!W36 -> 31 | X36: =W36/W4*1000 -> 16.756757 | Y36: =((M36+O36+Q36+S36)/4) -> 35 | Z36: =((N36+P36+R36+T36)/4) -> 7.9336609 | AA36: =((S36+U36)/2) -> 48 | AB36: =(V36+X36)/2 -> 15.294008 | AC36: SIVIGILA
L37: TASA DE SIFILIS CONGENITA | M37: =CAJICA!M37+COTA!M38+CHIA!M37+ZIPAQUIRA!M37+TABIO!M37+TENJO!M37+SOPO!M37+GACHANCIPA!M37+TOCANCIPA!M37+NEMOCON!M37+COGUA!M37 -> 4 | N37: =CAJICA!N37+COTA!N37+CHIA!N37+ZIPAQUIRA!N37+TABIO!N37+TENJO!N37+SOPO!N37+GACHANCIPA!N37+TOCANCIPA!N37+NEMOCON!N37+COGUA!N37 -> 0 | O37: =CAJICA!O37+COTA!O38+CHIA!O37+ZIPAQUIRA!O37+TABIO!O37+TENJO!O37+SOPO!O37+GACHANCIPA!O37+TOCANCIPA!O37+NEMOCON!O37+COGUA!O37 -> 8 | P37: =CAJICA!P37+COTA!P37+CHIA!P37+ZIPAQUIRA!P37+TABIO!P37+TENJO!P37+SOPO!P37+GACHANCIPA!P37+TOCANCIPA!P37+NEMOCON!P37+COGUA!P37 -> 2.1459227 | Q37: =CAJICA!Q37+COTA!Q38+CHIA!Q37+ZIPAQUIRA!Q37+TABIO!Q37+TENJO!Q37+SOPO!Q37+GACHANCIPA!Q37+TOCANCIPA!Q37+NEMOCON!Q37+COGUA!Q37 -> 4 | R37: =CAJICA!R37+COTA!R37+CHIA!R37+ZIPAQUIRA!R37+TABIO!R37+TENJO!R37+SOPO!R37+GACHANCIPA!R37+TOCANCIPA!R37+NEMOCON!R37+COGUA!R37 -> 0 | S37: =CAJICA!S37+COTA!S38+CHIA!S37+ZIPAQUIRA!S37+TABIO!S37+TENJO!S37+SOPO!S37+GACHANCIPA!S37+TOCANCIPA!S37+NEMOCON!S37+COGUA!S37 -> 7 | T37: =CAJICA!T37+COTA!T37+CHIA!T37+ZIPAQUIRA!T37+TABIO!T37+TENJO!T37+SOPO!T37+GACHANCIPA!T37+TOCANCIPA!T37+NEMOCON!T37+COGUA!T37 -> 1.1454754 | U37: =CAJICA!U37+COTA!U38+CHIA!U37+ZIPAQUIRA!U37+TABIO!U37+TENJO!U37+SOPO!U37+GACHANCIPA!U37+TOCANCIPA!U37+NEMOCON!U37+COGUA!U37 -> 9 | V37: =CAJICA!V37+COTA!V37+CHIA!V37+ZIPAQUIRA!V37+TABIO!V37+TENJO!V37+SOPO!V37+GACHANCIPA!V37+TOCANCIPA!V37+NEMOCON!V37+COGUA!V37 -> 2.2497188 | W37: =CAJICA!W37+COTA!W38+CHIA!W37+ZIPAQUIRA!W37+TABIO!W37+TENJO!W37+SOPO!W37+GACHANCIPA!W37+TOCANCIPA!W37+NEMOCON!W37+COGUA!W37 -> 3 | X37: =CAJICA!X37+COTA!X37+CHIA!X37+ZIPAQUIRA!X37+TABIO!X37+TENJO!X37+SOPO!X37+GACHANCIPA!X37+TOCANCIPA!X37+NEMOCON!X37+COGUA!X37 -> 2.5839793 | Y37: =((M37+O37+Q37+S37)/4) -> 5.75 | Z37: =((N37+P37+R37+T37)/4) -> 0.82284953 | AA37: =((S37+U37)/2) -> 8 | AB37: =(V37+X37)/2 -> 2.4168491 | AC37: SIVIGILA
L38: TASA DE ENFERMEDAD TRASMITIDA POR ALIMENTOS | M38: =CAJICA!M38+COTA!M39+CHIA!M38+ZIPAQUIRA!M38+TABIO!M38+TENJO!M38+SOPO!M38+GACHANCIPA!M38+TOCANCIPA!M38+NEMOCON!M38+COGUA!M38 -> 20 | N38: =M38/C7*10000 -> 0.4471602 | O38: =CAJICA!O38+COTA!O39+CHIA!O38+ZIPAQUIRA!O38+TABIO!O38+TENJO!O38+SOPO!O38+GACHANCIPA!O38+TOCANCIPA!O38+NEMOCON!O38+COGUA!O38 -> 30 | P38: =O38/E7*10000 -> 0.62903236 | Q38: =CAJICA!Q38+COTA!Q39+CHIA!Q38+ZIPAQUIRA!Q38+TABIO!Q38+TENJO!Q38+SOPO!Q38+GACHANCIPA!Q38+TOCANCIPA!Q38+NEMOCON!Q38+COGUA!Q38 -> 83 | R38: =Q38/E7*10000 -> 1.7403229 | S38: =CAJICA!S38+COTA!S39+CHIA!S38+ZIPAQUIRA!S38+TABIO!S38+TENJO!S38+SOPO!S38+GACHANCIPA!S38+TOCANCIPA!S38+NEMOCON!S38+COGUA!S38 -> 103 | T38: =S38/F7*10000 -> 2.0942877 | U38: =CAJICA!U38+COTA!U39+CHIA!U38+ZIPAQUIRA!U38+TABIO!U38+TENJO!U38+SOPO!U38+GACHANCIPA!U38+TOCANCIPA!U38+NEMOCON!U38+COGUA!U38 -> 139 | V38: =U38/G7*10000 -> #VALUE! | W38: =CAJICA!W38+COTA!W39+CHIA!W38+ZIPAQUIRA!W38+TABIO!W38+TENJO!W38+SOPO!W38+GACHANCIPA!W38+TOCANCIPA!W38+NEMOCON!W38+COGUA!W38 -> 161 | X38: =W38/H7*10000 -> 3.093453 | Y38: =((M38+O38+Q38+S38)/4) -> 59 | Z38: =((N38+P38+R38+T38)/4) -> 1.2277008 | AA38: =((S38+U38)/2) -> 121 | AB38: =(V38+X38)/2 -> #VALUE! | AC38: SIVIGILA
L39: TASA DE VIOLENCIA INTRAFAMILIAR Y DE GENERO INFANTIL NNAJ (0 a 19 años) | M39: =CAJICA!M39+COTA!M40+CHIA!M39+ZIPAQUIRA!M39+TABIO!M39+TENJO!M39+SOPO!M39+GACHANCIPA!M39+TOCANCIPA!M39+NEMOCON!M39+COGUA!M39 -> 255 | N39: =M39/C17*10000 -> 19.542077 | O39: =CAJICA!O39+COTA!O40+CHIA!O39+ZIPAQUIRA!O39+TABIO!O39+TENJO!O39+SOPO!O39+GACHANCIPA!O39+TOCANCIPA!O39+NEMOCON!O39+COGUA!O39 -> 258 | P39: =O39/D17*10000 -> 19.380884 | Q39: =CAJICA!Q39+COTA!Q40+CHIA!Q39+ZIPAQUIRA!Q39+TABIO!Q39+TENJO!Q39+SOPO!Q39+GACHANCIPA!Q39+TOCANCIPA!Q39+NEMOCON!Q39+COGUA!Q39 -> 450 | R39: =Q39/E17*100000 -> 329.87811 | S39: =CAJICA!S39+COTA!S40+CHIA!S39+ZIPAQUIRA!S39+TABIO!S39+TENJO!S39+SOPO!S39+GACHANCIPA!S39+TOCANCIPA!S39+NEMOCON!S39+COGUA!S39 -> 1267 | T39: =S39/F17*100000 -> 912.87568 | U39: =CAJICA!U39+COTA!U40+CHIA!U39+ZIPAQUIRA!U39+TABIO!U39+TENJO!U39+SOPO!U39+GACHANCIPA!U39+TOCANCIPA!U39+NEMOCON!U39+COGUA!U39 -> 1431 | V39: =U39/G17*100000 -> 1038.0678 | W39: =CAJICA!W39+COTA!W40+CHIA!W39+ZIPAQUIRA!W39+TABIO!W39+TENJO!W39+SOPO!W39+GACHANCIPA!W39+TOCANCIPA!W39+NEMOCON!W39+COGUA!W39 -> 854 | X39: =W39/H17*100000 -> 610.21212 | Y39: =((M39+O39+Q39+S39)/4) -> 557.5 | Z39: =((N39+P39+R39+T39)/4) -> 320.41919 | AA39: =((S39+U39)/2) -> 1349 | AB39: =(V39+X39)/2 -> 824.13995 | AC39: SIVIGILA
L40: TASA DE VIOLENCIA SEXUAL | M40: =CAJICA!M40+COTA!M41+CHIA!M40+ZIPAQUIRA!M40+TABIO!M40+TENJO!M40+SOPO!M40+GACHANCIPA!M40+TOCANCIPA!M40+NEMOCON!M40+COGUA!M40 -> 372 | N40: =M40/C7*100000 -> 83.171797 | O40: =CAJICA!O40+COTA!O41+CHIA!O40+ZIPAQUIRA!O40+TABIO!O40+TENJO!O40+SOPO!O40+GACHANCIPA!O40+TOCANCIPA!O40+NEMOCON!O40+COGUA!O40 -> 378 | P40: =O40/D7*100000 -> 81.752178 | Q40: =CAJICA!Q40+COTA!Q41+CHIA!Q40+ZIPAQUIRA!Q40+TABIO!Q40+TENJO!Q40+SOPO!Q40+GACHANCIPA!Q40+TOCANCIPA!Q40+NEMOCON!Q40+COGUA!Q40 -> 613 | R40: =Q40/E7*100000 -> 128.53228 | S40: =CAJICA!S40+COTA!S41+CHIA!S40+ZIPAQUIRA!S40+TABIO!S40+TENJO!S40+SOPO!S40+GACHANCIPA!S40+TOCANCIPA!S40+NEMOCON!S40+COGUA!S40 -> 815 | T40: =S40/F7*100000 -> 165.71305 | U40: =CAJICA!U40+COTA!U41+CHIA!U40+ZIPAQUIRA!U40+TABIO!U40+TENJO!U40+SOPO!U40+GACHANCIPA!U40+TOCANCIPA!U40+NEMOCON!U40+COGUA!U40 -> 867 | V40: =U40/G7*100000 -> #VALUE! | W40: =CAJICA!W40+COTA!W41+CHIA!W40+ZIPAQUIRA!W40+TABIO!W40+TENJO!W40+SOPO!W40+GACHANCIPA!W40+TOCANCIPA!W40+NEMOCON!W40+COGUA!W40 -> 451 | X40: =W40/H7*100000 -> 86.655113 | Y40: =((M40+O40+Q40+S40)/4) -> 544.5 | Z40: =((N40+P40+R40+T40)/4) -> 114.79233 | AA40: =((S40+U40)/2) -> 841 | AB40: =(V40+X40)/2 -> #VALUE! | AC40: SIVIGILA
L41: TASA DE APAPTVR | M41: =CAJICA!M41+COTA!M42+CHIA!M41+ZIPAQUIRA!M41+TABIO!M41+TENJO!M41+SOPO!M41+GACHANCIPA!M41+TOCANCIPA!M41+NEMOCON!M41+COGUA!M41 -> 1358 | N41: =M41/C7*10000 -> 30.362177 | O41: =CAJICA!O41+COTA!O42+CHIA!O41+ZIPAQUIRA!O41+TABIO!O41+TENJO!O41+SOPO!O41+GACHANCIPA!O41+TOCANCIPA!O41+NEMOCON!O41+COGUA!O41 -> 1346 | P41: =O41/D7*10000 -> 29.110696 | Q41: =CAJICA!Q41+COTA!Q42+CHIA!Q41+ZIPAQUIRA!Q41+TABIO!Q41+TENJO!Q41+SOPO!Q41+GACHANCIPA!Q41+TOCANCIPA!Q41+NEMOCON!Q41+COGUA!Q41 -> 1776 | R41: =Q41/E7*10000 -> 37.238716 | S41: =CAJICA!S41+COTA!S42+CHIA!S41+ZIPAQUIRA!S41+TABIO!S41+TENJO!S41+SOPO!S41+GACHANCIPA!S41+TOCANCIPA!S41+NEMOCON!S41+COGUA!S41 -> 1802 | T41: =S41/F7*10000 -> 36.639868 | U41: =CAJICA!U41+COTA!U42+CHIA!U41+ZIPAQUIRA!U41+TABIO!U41+TENJO!U41+SOPO!U41+GACHANCIPA!U41+TOCANCIPA!U41+NEMOCON!U41+COGUA!U41 -> 2197 | V41: =U41/G7*10000 -> #VALUE! | W41: =CAJICA!W41+COTA!W42+CHIA!W41+ZIPAQUIRA!W41+TABIO!W41+TENJO!W41+SOPO!W41+GACHANCIPA!W41+TOCANCIPA!W41+NEMOCON!W41+COGUA!W41 -> 1250 | X41: =W41/H7*10000 -> 24.017492 | Y41: =((M41+O41+Q41+S41)/4) -> 1570.5 | Z41: =((N41+P41+R41+T41)/4) -> 33.337864 | AA41: =((S41+U41)/2) -> 1999.5 | AB41: =(V41+X41)/2 -> #VALUE! | AC41: SIVIGILA
L42: TASA DE VARICELA | M42: =CAJICA!M42+COTA!M43+CHIA!M42+ZIPAQUIRA!M42+TABIO!M42+TENJO!M42+SOPO!M42+GACHANCIPA!M42+TOCANCIPA!M42+NEMOCON!M42+COGUA!M42 -> 291 | N42: =M42/C7*10000 -> 6.5061809 | O42: =CAJICA!O42+COTA!O43+CHIA!O42+ZIPAQUIRA!O42+TABIO!O42+TENJO!O42+SOPO!O42+GACHANCIPA!O42+TOCANCIPA!O42+NEMOCON!O42+COGUA!O42 -> 227 | P42: =O42/D7*10000 -> 4.9094562 | Q42: =CAJICA!Q42+COTA!Q43+CHIA!Q42+ZIPAQUIRA!Q42+TABIO!Q42+TENJO!Q42+SOPO!Q42+GACHANCIPA!Q42+TOCANCIPA!Q42+NEMOCON!Q42+COGUA!Q42 -> 438 | R42: =Q42/E7*10000 -> 9.1838724 | S42: =CAJICA!S42+COTA!S43+CHIA!S42+ZIPAQUIRA!S42+TABIO!S42+TENJO!S42+SOPO!S42+GACHANCIPA!S42+TOCANCIPA!S42+NEMOCON!S42+COGUA!S42 -> 517 | T42: =S42/F7*10000 -> 10.512104 | U42: =CAJICA!U42+COTA!U43+CHIA!U42+ZIPAQUIRA!U42+TABIO!U42+TENJO!U42+SOPO!U42+GACHANCIPA!U42+TOCANCIPA!U42+NEMOCON!U42+COGUA!U42 -> 572 | V42: =U42/G7*10000 -> #VALUE! | W42: =CAJICA!W42+COTA!W43+CHIA!W42+ZIPAQUIRA!W42+TABIO!W42+TENJO!W42+SOPO!W42+GACHANCIPA!W42+TOCANCIPA!W42+NEMOCON!W42+COGUA!W42 -> 410 | X42: =W42/H7*10000 -> 7.8777375 | Y42: =((M42+O42+Q42+S42)/4) -> 368.25 | Z42: =((N42+P42+R42+T42)/4) -> 7.7779034 | AA42: =((S42+U42)/2) -> 544.5 | AB42: =(V42+X42)/2 -> #VALUE! | AC42: SIVIGILA
L43: TASA DE VIOLENCIA DE PAREJA | M43: =CAJICA!M43+COTA!M44+CHIA!M43+ZIPAQUIRA!M43+TABIO!M43+TENJO!M43+SOPO!M43+GACHANCIPA!M43+TOCANCIPA!M43+NEMOCON!M43+COGUA!M43 -> 416 | N43: =M43/C16*10000 -> 12.435045 | O43: =CAJICA!O43+COTA!O44+CHIA!O43+ZIPAQUIRA!O43+TABIO!O43+TENJO!O43+SOPO!O43+GACHANCIPA!O43+TOCANCIPA!O43+NEMOCON!O43+COGUA!O43 -> 532 | P43: =O43/D16*10000 -> 15.044229 | Q43: =CAJICA!Q43+COTA!Q44+CHIA!Q43+ZIPAQUIRA!Q43+TABIO!Q43+TENJO!Q43+SOPO!Q43+GACHANCIPA!Q43+TOCANCIPA!Q43+NEMOCON!Q43+COGUA!Q43 -> 795 | R43: =Q43/E16*100000 -> 223.59883 | S43: =CAJICA!S43+COTA!S44+CHIA!S43+ZIPAQUIRA!S43+TABIO!S43+TENJO!S43+SOPO!S43+GACHANCIPA!S43+TOCANCIPA!S43+NEMOCON!S43+COGUA!S43 -> 1437 | T43: =S43/F16*100000 -> 393.41739 | U43: =CAJICA!U43+COTA!U44+CHIA!U43+ZIPAQUIRA!U43+TABIO!U43+TENJO!U43+SOPO!U43+GACHANCIPA!U43+TOCANCIPA!U43+NEMOCON!U43+COGUA!U43 -> 1621 | V43: =U43/G16*100000 -> 431.02708 | W43: =CAJICA!W43+COTA!W44+CHIA!W43+ZIPAQUIRA!W43+TABIO!W43+TENJO!W43+SOPO!W43+GACHANCIPA!W43+TOCANCIPA!W43+NEMOCON!W43+COGUA!W43 -> 882 | X43: =W43/H16*100000 -> 227.47735 | Y43: =((M43+O43+Q43+S43)/4) -> 795 | Z43: =((N43+P43+R43+T43)/4) -> 161.12387 | AA43: =((S43+U43)/2) -> 1529 | AB43: =(V43+X43)/2 -> 329.25222 | AC43: SIVIGILA
L44: MORTALIDAD CARDIOCIRCULATORIA | M44: =CAJICA!M44+COTA!M45+CHIA!M44+ZIPAQUIRA!M44+TABIO!M44+TENJO!M44+SOPO!M44+GACHANCIPA!M44+TOCANCIPA!M44+NEMOCON!M44+COGUA!M44 -> 794 | N44: =M44/C7*100000 -> 177.5226 | O44: =CAJICA!O44+COTA!O45+CHIA!O44+ZIPAQUIRA!O44+TABIO!O44+TENJO!O44+SOPO!O44+GACHANCIPA!O44+TOCANCIPA!O44+NEMOCON!O44+COGUA!O44 -> 923 | P44: =O44/D7*100000 -> 199.62238 | Q44: =CAJICA!Q44+COTA!Q45+CHIA!Q44+ZIPAQUIRA!Q44+TABIO!Q44+TENJO!Q44+SOPO!Q44+GACHANCIPA!Q44+TOCANCIPA!Q44+NEMOCON!Q44+COGUA!Q44 -> 906 | R44: =Q44/E7*100000 -> 189.96777 | S44: =CAJICA!S44+COTA!S45+CHIA!S44+ZIPAQUIRA!S44+TABIO!S44+TENJO!S44+SOPO!S44+GACHANCIPA!S44+TOCANCIPA!S44+NEMOCON!S44+COGUA!S44 -> 897 | T44: =S44/F7*100000 -> 182.38602 | U44: =CAJICA!U44+COTA!U45+CHIA!U44+ZIPAQUIRA!U44+TABIO!U44+TENJO!U44+SOPO!U44+GACHANCIPA!U44+TOCANCIPA!U44+NEMOCON!U44+COGUA!U44 -> 767 | V44: =U44/G7*100000 -> #VALUE! | W44: =CAJICA!W44+COTA!W45+CHIA!W44+ZIPAQUIRA!W44+TABIO!W44+TENJO!W44+SOPO!W44+GACHANCIPA!W44+TOCANCIPA!W44+NEMOCON!W44+COGUA!W44 -> 382 | X44: =W44/H7*100000 -> 73.397457 | Y44: =((M44+O44+Q44+S44)/4) -> 880 | Z44: =((N44+P44+R44+T44)/4) -> 187.37469 | AA44: =((S44+U44)/2) -> 832 | AB44: =(V44+X44)/2 -> #VALUE! | AC44: SIVIGILA
L45: COBERTURA DE ATENCION INSTITUCIONAL DEL PARTO POR MEDICO | M45: =CAJICA!M45+COTA!M46+CHIA!M45+ZIPAQUIRA!M45+TABIO!M45+TENJO!M45+SOPO!M45+GACHANCIPA!M45+TOCANCIPA!M45+NEMOCON!M45+COGUA!M45 -> 4293 | N45: =M45/M4*100 -> 103.07323 | O45: =CAJICA!O45+COTA!O46+CHIA!O45+ZIPAQUIRA!O45+TABIO!O45+TENJO!O45+SOPO!O45+GACHANCIPA!O45+TOCANCIPA!O45+NEMOCON!O45+COGUA!O45 -> 4315 | P45: =O45/O4*100 -> 93.438718 | Q45: =CAJICA!Q45+COTA!Q46+CHIA!Q45+ZIPAQUIRA!Q45+TABIO!Q45+TENJO!Q45+SOPO!Q45+GACHANCIPA!Q45+TOCANCIPA!Q45+NEMOCON!Q45+COGUA!Q45 -> 4327 | R45: =Q45/Q4*100 -> 90.941572 | S45: =CAJICA!S45+COTA!S46+CHIA!S45+ZIPAQUIRA!S45+TABIO!S45+TENJO!S45+SOPO!S45+GACHANCIPA!S45+TOCANCIPA!S45+NEMOCON!S45+COGUA!S45 -> 3858 | T45: =S45/S4*100 -> 90.6698 | U45: =CAJICA!U45+COTA!U46+CHIA!U45+ZIPAQUIRA!U45+TABIO!U45+TENJO!U45+SOPO!U45+GACHANCIPA!U45+TOCANCIPA!U45+NEMOCON!U45+COGUA!U45 -> 3690 | V45: =U45/U4*100 -> 85.062241 | W45: =CAJICA!W45+COTA!W46+CHIA!W45+ZIPAQUIRA!W45+TABIO!W45+TENJO!W45+SOPO!W45+GACHANCIPA!W45+TOCANCIPA!W45+NEMOCON!W45+COGUA!W45 -> 1775 | X45: =W45/W4*100 -> 95.945946 | Y45: =((M45+O45+Q45+S45)/4) -> 4198.25 | Z45: =((N45+P45+R45+T45)/4) -> 94.53083 | AA45: =((S45+U45)/2) -> 3774 | AB45: =(V45+X45)/2 -> 90.504093 | AC45: DANE RUAF
L46: ATENCION DE PARTO CON 4 O MAS CONTROLES | M46: =CAJICA!M46+COTA!M47+CHIA!M46+ZIPAQUIRA!M46+TABIO!M46+TENJO!M46+SOPO!M46+GACHANCIPA!M46+TOCANCIPA!M46+NEMOCON!M46+COGUA!M46 -> 3545 | N46: =M46/M4*100 -> 85.114046 | O46: =CAJICA!O46+COTA!O47+CHIA!O46+ZIPAQUIRA!O46+TABIO!O46+TENJO!O46+SOPO!O46+GACHANCIPA!O46+TOCANCIPA!O46+NEMOCON!O46+COGUA!O46 -> 3598 | P46: =O46/O4*100 -> 77.912516 | Q46: =CAJICA!Q46+COTA!Q47+CHIA!Q46+ZIPAQUIRA!Q46+TABIO!Q46+TENJO!Q46+SOPO!Q46+GACHANCIPA!Q46+TOCANCIPA!Q46+NEMOCON!Q46+COGUA!Q46 -> 3631 | R46: =Q46/Q4*100 -> 76.313577 | S46: =CAJICA!S46+COTA!S47+CHIA!S46+ZIPAQUIRA!S46+TABIO!S46+TENJO!S46+SOPO!S46+GACHANCIPA!S46+TOCANCIPA!S46+NEMOCON!S46+COGUA!S46 -> 3278 | T46: =S46/S4*100 -> 77.038778 | U46: =CAJICA!U46+COTA!U47+CHIA!U46+ZIPAQUIRA!U46+TABIO!U46+TENJO!U46+SOPO!U46+GACHANCIPA!U46+TOCANCIPA!U46+NEMOCON!U46+COGUA!U46 -> 3197 | V46: =U46/U4*100 -> 73.697556 | W46: =CAJICA!W46+COTA!W47+CHIA!W46+ZIPAQUIRA!W46+TABIO!W46+TENJO!W46+SOPO!W46+GACHANCIPA!W46+TOCANCIPA!W46+NEMOCON!W46+COGUA!W46 -> 1548 | X46: =W46/W4*100 -> 83.675676 | Y46: =((M46+O46+Q46+S46)/4) -> 3513 | Z46: =((N46+P46+R46+T46)/4) -> 79.094729 | AA46: =((S46+U46)/2) -> 3237.5 | AB46: =(V46+X46)/2 -> 78.686616 | AC46: DANE RUAF
L47: TASA DE ENFERMEDADES HUERFANAS | M47: =CAJICA!M47+COTA!M48+CHIA!M47+ZIPAQUIRA!M47+TABIO!M47+TENJO!M47+SOPO!M47+GACHANCIPA!M47+TOCANCIPA!M47+NEMOCON!M47+COGUA!M47 -> 106 | N47: =M47/C7*100000 -> 23.69949 | O47: =CAJICA!O47+COTA!O48+CHIA!O47+ZIPAQUIRA!O47+TABIO!O47+TENJO!O47+SOPO!O47+GACHANCIPA!O47+TOCANCIPA!O47+NEMOCON!O47+COGUA!O47 -> 93 | P47: =O47/D7*100000 -> 20.113631 | Q47: =CAJICA!Q47+COTA!Q48+CHIA!Q47+ZIPAQUIRA!Q47+TABIO!Q47+TENJO!Q47+SOPO!Q47+GACHANCIPA!Q47+TOCANCIPA!Q47+NEMOCON!Q47+COGUA!Q47 -> 99 | R47: =Q47/E7*100000 -> 20.758068 | S47: =CAJICA!S47+COTA!S48+CHIA!S47+ZIPAQUIRA!S47+TABIO!S47+TENJO!S47+SOPO!S47+GACHANCIPA!S47+TOCANCIPA!S47+NEMOCON!S47+COGUA!S47 -> 70 | T47: =S47/F7*100000 -> 14.233023 | U47: =CAJICA!U47+COTA!U48+CHIA!U47+ZIPAQUIRA!U47+TABIO!U47+TENJO!U47+SOPO!U47+GACHANCIPA!U47+TOCANCIPA!U47+NEMOCON!U47+COGUA!U47 -> 136 | V47: =U47/G7*100000 -> #VALUE! | W47: =CAJICA!W47+COTA!W48+CHIA!W47+ZIPAQUIRA!W47+TABIO!W47+TENJO!W47+SOPO!W47+GACHANCIPA!W47+TOCANCIPA!W47+NEMOCON!W47+COGUA!W47 -> 81 | X47: =W47/H7*100000 -> 15.563335 | Y47: =((M47+O47+Q47+S47)/4) -> 92 | Z47: =((N47+P47+R47+T47)/4) -> 19.701053 | AA47: =((S47+U47)/2) -> 103 | AB47: =(V47+X47)/2 -> #VALUE! | AC47: SIVIGILA
L48: TASA DE MORTALIDAD ENFERMEDAD HIPERTENSIVA | M48: =CAJICA!M48+COTA!M49+CHIA!M48+ZIPAQUIRA!M48+TABIO!M48+TENJO!M48+SOPO!M48+GACHANCIPA!M48+TOCANCIPA!M48+NEMOCON!M48+COGUA!M48 -> 61 | N48: =M48/C7*100000 -> 13.638386 | O48: =CAJICA!O48+COTA!O49+CHIA!O48+ZIPAQUIRA!O48+TABIO!O48+TENJO!O48+SOPO!O48+GACHANCIPA!O48+TOCANCIPA!O48+NEMOCON!O48+COGUA!O48 -> 82 | P48: =O48/D7*100000 -> 17.7346 | Q48: =CAJICA!Q48+COTA!Q49+CHIA!Q48+ZIPAQUIRA!Q48+TABIO!Q48+TENJO!Q48+SOPO!Q48+GACHANCIPA!Q48+TOCANCIPA!Q48+NEMOCON!Q48+COGUA!Q48 -> 69 | R48: =Q48/E7*100000 -> 14.467744 | S48: =CAJICA!S48+COTA!S49+CHIA!S48+ZIPAQUIRA!S48+TABIO!S48+TENJO!S48+SOPO!S48+GACHANCIPA!S48+TOCANCIPA!S48+NEMOCON!S48+COGUA!S48 -> 63 | T48: =S48/F7*100000 -> 12.809721 | U48: =CAJICA!U48+COTA!U49+CHIA!U48+ZIPAQUIRA!U48+TABIO!U48+TENJO!U48+SOPO!U48+GACHANCIPA!U48+TOCANCIPA!U48+NEMOCON!U48+COGUA!U48 -> 64 | V48: =U48/G7*100000 -> #VALUE! | W48: =CAJICA!W48+COTA!W49+CHIA!W48+ZIPAQUIRA!W48+TABIO!W48+TENJO!W48+SOPO!W48+GACHANCIPA!W48+TOCANCIPA!W48+NEMOCON!W48+COGUA!W48 -> 40 | X48: =W48/H7*100000 -> 7.6855976 | Y48: =((M48+O48+Q48+S48)/4) -> 68.75 | Z48: =((N48+P48+R48+T48)/4) -> 14.662613 | AA48: =((S48+U48)/2) -> 63.5 | AB48: =(V48+X48)/2 -> #VALUE! | AC48: DANE
L49: TASA DE MORTALIDAD POR DIABETES | M49: =CAJICA!M49+COTA!M50+CHIA!M49+ZIPAQUIRA!M49+TABIO!M49+TENJO!M49+SOPO!M49+GACHANCIPA!M49+TOCANCIPA!M49+NEMOCON!M49+COGUA!M49 -> 131 | N49: =M49/C7*100000 -> 29.288993 | O49: =CAJICA!O49+COTA!O50+CHIA!O49+ZIPAQUIRA!O49+TABIO!O49+TENJO!O49+SOPO!O49+GACHANCIPA!O49+TOCANCIPA!O49+NEMOCON!O49+COGUA!O49 -> 139 | P49: =O49/D7*100000 -> 30.062309 | Q49: =CAJICA!Q49+COTA!Q50+CHIA!Q49+ZIPAQUIRA!Q49+TABIO!Q49+TENJO!Q49+SOPO!Q49+GACHANCIPA!Q49+TOCANCIPA!Q49+NEMOCON!Q49+COGUA!Q49 -> 138 | R49: =Q49/E7*100000 -> 28.935489 | S49: =CAJICA!S49+COTA!S50+CHIA!S49+ZIPAQUIRA!S49+TABIO!S49+TENJO!S49+SOPO!S49+GACHANCIPA!S49+TOCANCIPA!S49+NEMOCON!S49+COGUA!S49 -> 105 | T49: =S49/F7*100000 -> 21.349535 | U49: =CAJICA!U49+COTA!U50+CHIA!U49+ZIPAQUIRA!U49+TABIO!U49+TENJO!U49+SOPO!U49+GACHANCIPA!U49+TOCANCIPA!U49+NEMOCON!U49+COGUA!U49 -> 113 | V49: =U49/G7*100000 -> #VALUE! | W49: =CAJICA!W49+COTA!W50+CHIA!W49+ZIPAQUIRA!W49+TABIO!W49+TENJO!W49+SOPO!W49+GACHANCIPA!W49+TOCANCIPA!W49+NEMOCON!W49+COGUA!W49 -> 49 | X49: =W49/H7*100000 -> 9.414857 | Y49: =((M49+O49+Q49+S49)/4) -> 128.25 | Z49: =((N49+P49+R49+T49)/4) -> 27.409081 | AA49: =((S49+U49)/2) -> 109 | AB49: =(V49+X49)/2 -> #VALUE! | AC49: DANE
L50: INCIDENCIA DE LA HEPATITIS B | M50: =CAJICA!M50+COTA!M51+CHIA!M50+ZIPAQUIRA!M50+TABIO!M50+TENJO!M50+SOPO!M50+GACHANCIPA!M50+TOCANCIPA!M50+NEMOCON!M50+COGUA!M50 -> 12 | N50: =M50/C7*100000 -> 2.6829612 | O50: =CAJICA!O50+COTA!O51+CHIA!O50+ZIPAQUIRA!O50+TABIO!O50+TENJO!O50+SOPO!O50+GACHANCIPA!O50+TOCANCIPA!O50+NEMOCON!O50+COGUA!O50 -> 16 | P50: =O50/D7*100000 -> 3.4604097 | Q50: =CAJICA!Q50+COTA!Q51+CHIA!Q50+ZIPAQUIRA!Q50+TABIO!Q50+TENJO!Q50+SOPO!Q50+GACHANCIPA!Q50+TOCANCIPA!Q50+NEMOCON!Q50+COGUA!Q50 -> 17 | R50: =Q50/E7*100000 -> 3.5645167 | S50: =CAJICA!S50+COTA!S51+CHIA!S50+ZIPAQUIRA!S50+TABIO!S50+TENJO!S50+SOPO!S50+GACHANCIPA!S50+TOCANCIPA!S50+NEMOCON!S50+COGUA!S50 -> 24 | T50: =S50/F7*100000 -> 4.8798936 | U50: =CAJICA!U50+COTA!U51+CHIA!U50+ZIPAQUIRA!U50+TABIO!U50+TENJO!U50+SOPO!U50+GACHANCIPA!U50+TOCANCIPA!U50+NEMOCON!U50+COGUA!U50 -> 32 | V50: =U50/G7*100000 -> #VALUE! | W50: =CAJICA!W50+COTA!W51+CHIA!W50+ZIPAQUIRA!W50+TABIO!W50+TENJO!W50+SOPO!W50+GACHANCIPA!W50+TOCANCIPA!W50+NEMOCON!W50+COGUA!W50 -> 7 | X50: =W50/H7*100000 -> 1.3449796 | Y50: =((M50+O50+Q50+S50)/4) -> 17.25 | Z50: =((N50+P50+R50+T50)/4) -> 3.6469453 | AA50: =((S50+U50)/2) -> 28 | AB50: =(V50+X50)/2 -> #VALUE! | AC50: SIVIGILA
L51: TASA DE INCIDENCIA DE MALARIA | M51: =CAJICA!M51+COTA!M52+CHIA!M51+ZIPAQUIRA!M51+TABIO!M51+TENJO!M51+SOPO!M51+GACHANCIPA!M51+TOCANCIPA!M51+NEMOCON!M51+COGUA!M51 -> 3 | N51: =M51/C7*100000 -> 0.6707403 | O51: =CAJICA!O51+COTA!O52+CHIA!O51+ZIPAQUIRA!O51+TABIO!O51+TENJO!O51+SOPO!O51+GACHANCIPA!O51+TOCANCIPA!O51+NEMOCON!O51+COGUA!O51 -> 6 | P51: =O51/D7*100000 -> 1.2976536 | Q51: =CAJICA!Q51+COTA!Q52+CHIA!Q51+ZIPAQUIRA!Q51+TABIO!Q51+TENJO!Q51+SOPO!Q51+GACHANCIPA!Q51+TOCANCIPA!Q51+NEMOCON!Q51+COGUA!Q51 -> 7 | R51: =Q51/E7*100000 -> 1.4677422 | S51: =CAJICA!S51+COTA!S52+CHIA!S51+ZIPAQUIRA!S51+TABIO!S51+TENJO!S51+SOPO!S51+GACHANCIPA!S51+TOCANCIPA!S51+NEMOCON!S51+COGUA!S51 -> 11 | T51: =S51/F7*100000 -> 2.2366179 | U51: =CAJICA!U51+COTA!U52+CHIA!U51+ZIPAQUIRA!U51+TABIO!U51+TENJO!U51+SOPO!U51+GACHANCIPA!U51+TOCANCIPA!U51+NEMOCON!U51+COGUA!U51 -> 13 | V51: =U51/G7*100000 -> #VALUE! | W51: =CAJICA!W51+COTA!W52+CHIA!W51+ZIPAQUIRA!W51+TABIO!W51+TENJO!W51+SOPO!W51+GACHANCIPA!W51+TOCANCIPA!W51+NEMOCON!W51+COGUA!W51 -> 4 | X51: =W51/H7*100000 -> 0.76855976 | Y51: =((M51+O51+Q51+S51)/4) -> 6.75 | Z51: =((N51+P51+R51+T51)/4) -> 1.4181885 | AA51: =((S51+U51)/2) -> 12 | AB51: =(V51+X51)/2 -> #VALUE! | AC51: SIVIGILA
L52: TASA DE INCIDENCIA DE TUBERCULOSIS | M52: =CAJICA!M52+COTA!M53+CHIA!M52+ZIPAQUIRA!M52+TABIO!M52+TENJO!M52+SOPO!M52+GACHANCIPA!M52+TOCANCIPA!M52+NEMOCON!M52+COGUA!M52 -> 37 | N52: =M52/C7*100000 -> 8.2724637 | O52: =CAJICA!O52+COTA!O53+CHIA!O52+ZIPAQUIRA!O52+TABIO!O52+TENJO!O52+SOPO!O52+GACHANCIPA!O52+TOCANCIPA!O52+NEMOCON!O52+COGUA!O52 -> 26 | P52: =O52/D7*100000 -> 5.6231657 | Q52: =CAJICA!Q52+COTA!Q53+CHIA!Q52+ZIPAQUIRA!Q52+TABIO!Q52+TENJO!Q52+SOPO!Q52+GACHANCIPA!Q52+TOCANCIPA!Q52+NEMOCON!Q52+COGUA!Q52 -> 56 | R52: =Q52/E7*100000 -> 11.741937 | S52: =CAJICA!S52+COTA!S53+CHIA!S52+ZIPAQUIRA!S52+TABIO!S52+TENJO!S52+SOPO!S52+GACHANCIPA!S52+TOCANCIPA!S52+NEMOCON!S52+COGUA!S52 -> 58 | T52: =S52/F7*100000 -> 11.793076 | U52: =CAJICA!U52+COTA!U53+CHIA!U52+ZIPAQUIRA!U52+TABIO!U52+TENJO!U52+SOPO!U52+GACHANCIPA!U52+TOCANCIPA!U52+NEMOCON!U52+COGUA!U52 -> 40 | V52: =U52/G7*100000 -> #VALUE! | W52: =CAJICA!W52+COTA!W53+CHIA!W52+ZIPAQUIRA!W52+TABIO!W52+TENJO!W52+SOPO!W52+GACHANCIPA!W52+TOCANCIPA!W52+NEMOCON!W52+COGUA!W52 -> 19 | X52: =W52/H7*100000 -> 3.6506588 | Y52: =((M52+O52+Q52+S52)/4) -> 44.25 | Z52: =((N52+P52+R52+T52)/4) -> 9.3576607 | AA52: =((S52+U52)/2) -> 49 | AB52: =(V52+X52)/2 -> #VALUE! | AC52: SIVIGILA
L53: TASA DE MORTALIDAD POR CANCER INFANTIL | M53: =CAJICA!M53+COTA!M54+CHIA!M53+ZIPAQUIRA!M53+TABIO!M53+TENJO!M53+SOPO!M53+GACHANCIPA!M53+TOCANCIPA!M53+NEMOCON!M53+COGUA!M53 -> 5 | N53: =M53/C17*100000 -> 3.8317799 | O53: =CAJICA!O53+COTA!O54+CHIA!O53+ZIPAQUIRA!O53+TABIO!O53+TENJO!O53+SOPO!O53+GACHANCIPA!O53+TOCANCIPA!O53+NEMOCON!O53+COGUA!O53 -> 3 | P53: =O53/D17*100000 -> 2.2535911 | Q53: =CAJICA!Q53+COTA!Q54+CHIA!Q53+ZIPAQUIRA!Q53+TABIO!Q53+TENJO!Q53+SOPO!Q53+GACHANCIPA!Q53+TOCANCIPA!Q53+NEMOCON!Q53+COGUA!Q53 -> 9 | R53: =Q53/E17*100000 -> 6.5975621 | S53: =CAJICA!S53+COTA!S54+CHIA!S53+ZIPAQUIRA!S53+TABIO!S53+TENJO!S53+SOPO!S53+GACHANCIPA!S53+TOCANCIPA!S53+NEMOCON!S53+COGUA!S53 -> 10 | T53: =S53/F17*100000 -> 7.2050172 | U53: =CAJICA!U53+COTA!U54+CHIA!U53+ZIPAQUIRA!U53+TABIO!U53+TENJO!U53+SOPO!U53+GACHANCIPA!U53+TOCANCIPA!U53+NEMOCON!U53+COGUA!U53 -> 3 | V53: =U53/G17*100000 -> 2.1762427 | W53: =CAJICA!W53+COTA!W54+CHIA!W53+ZIPAQUIRA!W53+TABIO!W53+TENJO!W53+SOPO!W53+GACHANCIPA!W53+TOCANCIPA!W53+NEMOCON!W53+COGUA!W53 -> 3 | X53: =W53/H17*100000 -> 2.1436023 | Y53: =((M53+O53+Q53+S53)/4) -> 6.75 | Z53: =((N53+P53+R53+T53)/4) -> 4.9719876 | AA53: =((S53+U53)/2) -> 6.5 | AB53: =(V53+X53)/2 -> 2.1599225 | AC53: DANE
L54: TASA DE MORTALIDAD PREMATURA POR DIABETES | M54: =CAJICA!M54+COTA!M55+CHIA!M54+ZIPAQUIRA!M54+TABIO!M54+TENJO!M54+SOPO!M54+GACHANCIPA!M54+TOCANCIPA!M54+NEMOCON!M54+COGUA!M54 -> 36 | N54: =M54/C19*100000 -> 14.887116 | O54: =CAJICA!O54+COTA!O55+CHIA!O54+ZIPAQUIRA!O54+TABIO!O54+TENJO!O54+SOPO!O54+GACHANCIPA!O54+TOCANCIPA!O54+NEMOCON!O54+COGUA!O54 -> 42 | P54: =O54/D19*100000 -> 14.524963 | Q54: =CAJICA!Q54+COTA!Q55+CHIA!Q54+ZIPAQUIRA!Q54+TABIO!Q54+TENJO!Q54+SOPO!Q54+GACHANCIPA!Q54+TOCANCIPA!Q54+NEMOCON!Q54+COGUA!Q54 -> 45 | R54: =Q54/E19*100000 -> 15.563837 | S54: =CAJICA!S54+COTA!S55+CHIA!S54+ZIPAQUIRA!S54+TABIO!S54+TENJO!S54+SOPO!S54+GACHANCIPA!S54+TOCANCIPA!S54+NEMOCON!S54+COGUA!S54 -> 28 | T54: =S54/F19*100000 -> 9.4096716 | U54: =CAJICA!U54+COTA!U55+CHIA!U54+ZIPAQUIRA!U54+TABIO!U54+TENJO!U54+SOPO!U54+GACHANCIPA!U54+TOCANCIPA!U54+NEMOCON!U54+COGUA!U54 -> 27 | V54: =U54/G19*100000 -> 8.7215326 | W54: =CAJICA!W54+COTA!W55+CHIA!W54+ZIPAQUIRA!W54+TABIO!W54+TENJO!W54+SOPO!W54+GACHANCIPA!W54+TOCANCIPA!W54+NEMOCON!W54+COGUA!W54 -> 16 | X54: =W54/H19*100000 -> 5.0597842 | Y54: =((M54+O54+Q54+S54)/4) -> 37.75 | Z54: =((N54+P54+R54+T54)/4) -> 13.596397 | AA54: =((S54+U54)/2) -> 27.5 | AB54: =(V54+X54)/2 -> 6.8906584 | AC54: DANE
L55: TASA DE MORTALIDAD PREMATURA POR CANCER | M55: =CAJICA!M55+COTA!M56+CHIA!M55+ZIPAQUIRA!M55+TABIO!M55+TENJO!M55+SOPO!M55+GACHANCIPA!M55+TOCANCIPA!M55+NEMOCON!M55+COGUA!M55 -> 98 | N55: =M55/C19*100000 -> 40.526038 | O55: =CAJICA!O55+COTA!O56+CHIA!O55+ZIPAQUIRA!O55+TABIO!O55+TENJO!O55+SOPO!O55+GACHANCIPA!O55+TOCANCIPA!O55+NEMOCON!O55+COGUA!O55 -> 97 | P55: =O55/D19*100000 -> 33.545748 | Q55: =CAJICA!Q55+COTA!Q56+CHIA!Q55+ZIPAQUIRA!Q55+TABIO!Q55+TENJO!Q55+SOPO!Q55+GACHANCIPA!Q55+TOCANCIPA!Q55+NEMOCON!Q55+COGUA!Q55 -> 99 | R55: =Q55/E19*100000 -> 34.240441 | S55: =CAJICA!S55+COTA!S56+CHIA!S55+ZIPAQUIRA!S55+TABIO!S55+TENJO!S55+SOPO!S55+GACHANCIPA!S55+TOCANCIPA!S55+NEMOCON!S55+COGUA!S55 -> 90 | T55: =S55/F19*100000 -> 30.245373 | U55: =CAJICA!U55+COTA!U56+CHIA!U55+ZIPAQUIRA!U55+TABIO!U55+TENJO!U55+SOPO!U55+GACHANCIPA!U55+TOCANCIPA!U55+NEMOCON!U55+COGUA!U55 -> 90 | V55: =U55/G19*100000 -> 29.071775 | W55: =CAJICA!W55+COTA!W56+CHIA!W55+ZIPAQUIRA!W55+TABIO!W55+TENJO!W55+SOPO!W55+GACHANCIPA!W55+TOCANCIPA!W55+NEMOCON!W55+COGUA!W55 -> 48 | X55: =W55/H19*100000 -> 15.179353 | Y55: =((M55+O55+Q55+S55)/4) -> 96 | Z55: =((N55+P55+R55+T55)/4) -> 34.6394 | AA55: =((S55+U55)/2) -> 90 | AB55: =(V55+X55)/2 -> 22.125564 | AC55: DANE
L56: TASA DE LETALIDAD POR DENGUE | M56: =CAJICA!M56+COTA!M57+CHIA!M56+ZIPAQUIRA!M56+TABIO!M56+TENJO!M56+SOPO!M56+GACHANCIPA!M56+TOCANCIPA!M56+NEMOCON!M56+COGUA!M56 -> 0 | N56: =M56/C7*100000 -> 0 | O56: =CAJICA!O56+COTA!O57+CHIA!O56+ZIPAQUIRA!O56+TABIO!O56+TENJO!O56+SOPO!O56+GACHANCIPA!O56+TOCANCIPA!O56+NEMOCON!O56+COGUA!O56 -> 0 | P56: =O56/D7*100000 -> 0 | Q56: =CAJICA!Q56+COTA!Q57+CHIA!Q56+ZIPAQUIRA!Q56+TABIO!Q56+TENJO!Q56+SOPO!Q56+GACHANCIPA!Q56+TOCANCIPA!Q56+NEMOCON!Q56+COGUA!Q56 -> 0 | R56: =Q56/E7*100000 -> 0 | S56: =CAJICA!S56+COTA!S57+CHIA!S56+ZIPAQUIRA!S56+TABIO!S56+TENJO!S56+SOPO!S56+GACHANCIPA!S56+TOCANCIPA!S56+NEMOCON!S56+COGUA!S56 -> 0 | T56: =S56/F7*100000 -> 0 | U56: =CAJICA!U56+COTA!U57+CHIA!U56+ZIPAQUIRA!U56+TABIO!U56+TENJO!U56+SOPO!U56+GACHANCIPA!U56+TOCANCIPA!U56+NEMOCON!U56+COGUA!U56 -> 0 | V56: =U56/G7*100000 -> #VALUE! | W56: =CAJICA!W56+COTA!W57+CHIA!W56+ZIPAQUIRA!W56+TABIO!W56+TENJO!W56+SOPO!W56+GACHANCIPA!W56+TOCANCIPA!W56+NEMOCON!W56+COGUA!W56 -> 0 | X56: =W56/H7*100000 -> 0 | Y56: =((M56+O56+Q56+S56)/4) -> 0 | Z56: =((N56+P56+R56+T56)/4) -> 0 | AA56: =((S56+U56)/2) -> 0 | AB56: =(V56+X56)/2 -> #VALUE! | AC56: DANE
L57: PORCENTAJE DE TRASMISION MATERNO INFANTIL DE HEPATITIS B | M57: =CAJICA!M57+COTA!M58+CHIA!M57+ZIPAQUIRA!M57+TABIO!M57+TENJO!M57+SOPO!M57+GACHANCIPA!M57+TOCANCIPA!M57+NEMOCON!M57+COGUA!M57 -> 36 | N57: =M57/M4*100000 -> 864.34574 | O57: =CAJICA!O57+COTA!O58+CHIA!O57+ZIPAQUIRA!O57+TABIO!O57+TENJO!O57+SOPO!O57+GACHANCIPA!O57+TOCANCIPA!O57+NEMOCON!O57+COGUA!O57 -> 30 | P57: =O57/O4*100000 -> 649.63188 | Q57: =CAJICA!Q57+COTA!Q58+CHIA!Q57+ZIPAQUIRA!Q57+TABIO!Q57+TENJO!Q57+SOPO!Q57+GACHANCIPA!Q57+TOCANCIPA!Q57+NEMOCON!Q57+COGUA!Q57 -> 34 | R57: =Q57/Q4*100000 -> 714.58596 | S57: =CAJICA!S57+COTA!S58+CHIA!S57+ZIPAQUIRA!S57+TABIO!S57+TENJO!S57+SOPO!S57+GACHANCIPA!S57+TOCANCIPA!S57+NEMOCON!S57+COGUA!S57 -> 39 | T57: =S57/S4*100000 -> 916.56874 | U57: =CAJICA!U57+COTA!U58+CHIA!U57+ZIPAQUIRA!U57+TABIO!U57+TENJO!U57+SOPO!U57+GACHANCIPA!U57+TOCANCIPA!U57+NEMOCON!U57+COGUA!U57 -> 31 | V57: =U57/U4*100000 -> 714.61503 | W57: =CAJICA!W57+COTA!W58+CHIA!W57+ZIPAQUIRA!W57+TABIO!W57+TENJO!W57+SOPO!W57+GACHANCIPA!W57+TOCANCIPA!W57+NEMOCON!W57+COGUA!W57 -> 12 | X57: =W57/W4*100000 -> 648.64865 | Y57: =((M57+O57+Q57+S57)/4) -> 34.75 | Z57: =((N57+P57+R57+T57)/4) -> 786.28308 | AA57: =((S57+U57)/2) -> 35 | AB57: =(V57+X57)/2 -> 681.63184 | AC57: SIVIGILA
L58: TASA DE MORTALIDAD POR CANCER | M58: =CAJICA!M58+COTA!M59+CHIA!M58+ZIPAQUIRA!M58+TABIO!M58+TENJO!M58+SOPO!M58+GACHANCIPA!M58+TOCANCIPA!M58+NEMOCON!M58+COGUA!M58 -> 301 | N58: =M58/C7*100000 -> 67.29761 | O58: =CAJICA!O58+COTA!O59+CHIA!O58+ZIPAQUIRA!O58+TABIO!O58+TENJO!O58+SOPO!O58+GACHANCIPA!O58+TOCANCIPA!O58+NEMOCON!O58+COGUA!O58 -> 303 | P58: =O58/D7*100000 -> 65.531508 | Q58: =CAJICA!Q58+COTA!Q59+CHIA!Q58+ZIPAQUIRA!Q58+TABIO!Q58+TENJO!Q58+SOPO!Q58+GACHANCIPA!Q58+TOCANCIPA!Q58+NEMOCON!Q58+COGUA!Q58 -> 375 | R58: =Q58/E7*100000 -> 78.629045 | S58: =CAJICA!S58+COTA!S59+CHIA!S58+ZIPAQUIRA!S58+TABIO!S58+TENJO!S58+SOPO!S58+GACHANCIPA!S58+TOCANCIPA!S58+NEMOCON!S58+COGUA!S58 -> 317 | T58: =S58/F7*100000 -> 64.455262 | U58: =CAJICA!U58+COTA!U59+CHIA!U58+ZIPAQUIRA!U58+TABIO!U58+TENJO!U58+SOPO!U58+GACHANCIPA!U58+TOCANCIPA!U58+NEMOCON!U58+COGUA!U58 -> 344 | V58: =U58/G7*100000 -> #VALUE! | W58: =CAJICA!W58+COTA!W59+CHIA!W58+ZIPAQUIRA!W58+TABIO!W58+TENJO!W58+SOPO!W58+GACHANCIPA!W58+TOCANCIPA!W58+NEMOCON!W58+COGUA!W58 -> 129 | X58: =W58/H7*100000 -> 24.786052 | Y58: =((M58+O58+Q58+S58)/4) -> 324 | Z58: =((N58+P58+R58+T58)/4) -> 68.978356 | AA58: =((S58+U58)/2) -> 330.5 | AB58: =(V58+X58)/2 -> #VALUE! | AC58: DANE
L59: TASA DE MORTALIDAD POR TUBERCULOSIS | M59: =CAJICA!M59+COTA!M60+CHIA!M59+ZIPAQUIRA!M59+TABIO!M59+TENJO!M59+SOPO!M59+GACHANCIPA!M59+TOCANCIPA!M59+NEMOCON!M59+COGUA!M59 -> 5 | N59: =M59/C7*100000 -> 1.1179005 | O59: =CAJICA!O59+COTA!O60+CHIA!O59+ZIPAQUIRA!O59+TABIO!O59+TENJO!O59+SOPO!O59+GACHANCIPA!O59+TOCANCIPA!O59+NEMOCON!O59+COGUA!O59 -> 6 | P59: =O59/D7*100000 -> 1.2976536 | Q59: =CAJICA!Q59+COTA!Q60+CHIA!Q59+ZIPAQUIRA!Q59+TABIO!Q59+TENJO!Q59+SOPO!Q59+GACHANCIPA!Q59+TOCANCIPA!Q59+NEMOCON!Q59+COGUA!Q59 -> 7 | R59: =Q59/E7*100000 -> 1.4677422 | S59: =CAJICA!S59+COTA!S60+CHIA!S59+ZIPAQUIRA!S59+TABIO!S59+TENJO!S59+SOPO!S59+GACHANCIPA!S59+TOCANCIPA!S59+NEMOCON!S59+COGUA!S59 -> 4 | T59: =S59/F7*100000 -> 0.8133156 | U59: =CAJICA!U59+COTA!U60+CHIA!U59+ZIPAQUIRA!U59+TABIO!U59+TENJO!U59+SOPO!U59+GACHANCIPA!U59+TOCANCIPA!U59+NEMOCON!U59+COGUA!U59 -> 5 | V59: =U59/G7*100000 -> #VALUE! | W59: =CAJICA!W59+COTA!W60+CHIA!W59+ZIPAQUIRA!W59+TABIO!W59+TENJO!W59+SOPO!W59+GACHANCIPA!W59+TOCANCIPA!W59+NEMOCON!W59+COGUA!W59 -> 1 | X59: =W59/H7*100000 -> 0.19213994 | Y59: =((M59+O59+Q59+S59)/4) -> 5.5 | Z59: =((N59+P59+R59+T59)/4) -> 1.174153 | AA59: =((S59+U59)/2) -> 4.5 | AB59: =(V59+X59)/2 -> #VALUE! | AC59: DANE
L60: TASA DE INCIDENCIA DE CANCER INFANTIL (MENOR DE 19 AÑOS) | M60: =CAJICA!M60+COTA!M61+CHIA!M60+ZIPAQUIRA!M60+TABIO!M60+TENJO!M60+SOPO!M60+GACHANCIPA!M60+TOCANCIPA!M60+NEMOCON!M60+COGUA!M60 -> 60 | N60: =M60/C17*100000 -> 45.981358 | O60: =CAJICA!O60+COTA!O61+CHIA!O60+ZIPAQUIRA!O60+TABIO!O60+TENJO!O60+SOPO!O60+GACHANCIPA!O60+TOCANCIPA!O60+NEMOCON!O60+COGUA!O60 -> 74 | P60: =O60/D17*100000 -> 55.588581 | Q60: =CAJICA!Q60+COTA!Q61+CHIA!Q60+ZIPAQUIRA!Q60+TABIO!Q60+TENJO!Q60+SOPO!Q60+GACHANCIPA!Q60+TOCANCIPA!Q60+NEMOCON!Q60+COGUA!Q60 -> 101 | R60: =Q60/E17*100000 -> 74.039308 | S60: =CAJICA!S60+COTA!S61+CHIA!S60+ZIPAQUIRA!S60+TABIO!S60+TENJO!S60+SOPO!S60+GACHANCIPA!S60+TOCANCIPA!S60+NEMOCON!S60+COGUA!S60 -> 109 | T60: =S60/F17*100000 -> 78.534687 | U60: =CAJICA!U60+COTA!U61+CHIA!U60+ZIPAQUIRA!U60+TABIO!U60+TENJO!U60+SOPO!U60+GACHANCIPA!U60+TOCANCIPA!U60+NEMOCON!U60+COGUA!U60 -> 108 | V60: =U60/G17*100000 -> 78.344738 | W60: =CAJICA!W60+COTA!W61+CHIA!W60+ZIPAQUIRA!W60+TABIO!W60+TENJO!W60+SOPO!W60+GACHANCIPA!W60+TOCANCIPA!W60+NEMOCON!W60+COGUA!W60 -> 96 | X60: =W60/H17*100000 -> 68.595273 | Y60: =((M60+O60+Q60+S60)/4) -> 86 | Z60: =((N60+P60+R60+T60)/1) -> 254.14393 | AA60: =((S60+U60)/2) -> 108.5 | AB60: =(V60+X60)/2 -> 73.470006 | AC60: SIVIGILA
L61: TASA DE EDA HASTA 5 AÑOS | M61: =CAJICA!M61+COTA!M62+CHIA!M61+ZIPAQUIRA!M61+TABIO!M61+TENJO!M61+SOPO!M61+GACHANCIPA!M61+TOCANCIPA!M61+NEMOCON!M61+COGUA!M61 -> 2311 | N61: =M61/C15*1000 -> 58.908809 | O61: =CAJICA!O61+COTA!O62+CHIA!O61+ZIPAQUIRA!O61+TABIO!O61+TENJO!O61+SOPO!O61+GACHANCIPA!O61+TOCANCIPA!O61+NEMOCON!O61+COGUA!O61 -> 2330 | P61: =O61/D15*1000 -> 57.820386 | Q61: =CAJICA!Q61+COTA!Q62+CHIA!Q61+ZIPAQUIRA!Q61+TABIO!Q61+TENJO!Q61+SOPO!Q61+GACHANCIPA!Q61+TOCANCIPA!Q61+NEMOCON!Q61+COGUA!Q61 -> 4283 | R61: =Q61/E15*1000 -> 104.41437 | S61: =CAJICA!S61+COTA!S62+CHIA!S61+ZIPAQUIRA!S61+TABIO!S61+TENJO!S61+SOPO!S61+GACHANCIPA!S61+TOCANCIPA!S61+NEMOCON!S61+COGUA!S61 -> 2625 | T61: =S61/F15*1000 -> 64.532305 | U61: =CAJICA!U61+COTA!U62+CHIA!U61+ZIPAQUIRA!U61+TABIO!U61+TENJO!U61+SOPO!U61+GACHANCIPA!U61+TOCANCIPA!U61+NEMOCON!U61+COGUA!U61 -> 3645 | V61: =U61/G15*1000 -> 89.64085 | W61: =CAJICA!W61+COTA!W62+CHIA!W61+ZIPAQUIRA!W61+TABIO!W61+TENJO!W61+SOPO!W61+GACHANCIPA!W61+TOCANCIPA!W61+NEMOCON!W61+COGUA!W61 -> 2073 | X61: =W61/H23*1000 -> 45.694762 | Y61: =((M61+O61+Q61+S61)/1) -> 11549 | Z61: =((N61+P61+R61+T61)/1) -> 285.67587 | AA61: =((S61+U61)/2) -> 3135 | AB61: =(V61+X61)/2 -> 67.667806 | AC61: SIVIGILA
L62: TASA DE IRA HASTA 5 AÑOS | M62: =CAJICA!M62+COTA!M63+CHIA!M62+ZIPAQUIRA!M62+TABIO!M62+TENJO!M62+SOPO!M62+GACHANCIPA!M62+TOCANCIPA!M62+NEMOCON!M62+COGUA!M62 -> #VALUE! | N62: =M62/C15*1000 -> #VALUE! | O62: =CAJICA!O62+COTA!O63+CHIA!O62+ZIPAQUIRA!O62+TABIO!O62+TENJO!O62+SOPO!O62+GACHANCIPA!O62+TOCANCIPA!O62+NEMOCON!O62+COGUA!O62 -> #VALUE! | P62: =O62/D15*1000 -> #VALUE! | Q62: =CAJICA!Q62+COTA!Q63+CHIA!Q62+ZIPAQUIRA!Q62+TABIO!Q62+TENJO!Q62+SOPO!Q62+GACHANCIPA!Q62+TOCANCIPA!Q62+NEMOCON!Q62+COGUA!Q62 -> 17240 | R62: =Q62/E15*1000 -> 420.29037 | S62: =CAJICA!S62+COTA!S63+CHIA!S62+ZIPAQUIRA!S62+TABIO!S62+TENJO!S62+SOPO!S62+GACHANCIPA!S62+TOCANCIPA!S62+NEMOCON!S62+COGUA!S62 -> 16022 | T62: =S62/F15*1000 -> 393.88061 | U62: =CAJICA!U62+COTA!U63+CHIA!U62+ZIPAQUIRA!U62+TABIO!U62+TENJO!U62+SOPO!U62+GACHANCIPA!U62+TOCANCIPA!U62+NEMOCON!U62+COGUA!U62 -> 13169 | V62: =U62/G15*1000 -> 323.86292 | W62: =CAJICA!W62+COTA!W63+CHIA!W62+ZIPAQUIRA!W62+TABIO!W62+TENJO!W62+SOPO!W62+GACHANCIPA!W62+TOCANCIPA!W62+NEMOCON!W62+COGUA!W62 -> 7106 | X62: =W62/H15*1000 -> 174.10159 | Y62: =((M62+O62+Q62+S62)/1) -> #VALUE! | Z62: =((N62+P62+R62+T62)/1) -> #VALUE! | AA62: =((S62+U62)/2) -> 14595.5 | AB62: =(V62+X62)/2 -> 248.98226 | AC62: SIVIGILA
L63: TASA DE VIOLENCIA DE PAREJA EN POBLACION A Y J | M63: =CAJICA!M63+COTA!M64+CHIA!M63+ZIPAQUIRA!M63+TABIO!M63+TENJO!M63+SOPO!M63+GACHANCIPA!M63+TOCANCIPA!M63+NEMOCON!M63+COGUA!M63 -> 57 | N63: =M63/C17*100000 -> 43.68229 | O63: =CAJICA!O63+COTA!O64+CHIA!O63+ZIPAQUIRA!O63+TABIO!O63+TENJO!O63+SOPO!O63+GACHANCIPA!O63+TOCANCIPA!O63+NEMOCON!O63+COGUA!O63 -> 185 | P63: =O63/D17*100000 -> 138.97145 | Q63: =CAJICA!Q63+COTA!Q64+CHIA!Q63+ZIPAQUIRA!Q63+TABIO!Q63+TENJO!Q63+SOPO!Q63+GACHANCIPA!Q63+TOCANCIPA!Q63+NEMOCON!Q63+COGUA!Q63 -> 288 | R63: =Q63/E17*100000 -> 211.12199 | S63: =CAJICA!S63+COTA!S64+CHIA!S63+ZIPAQUIRA!S63+TABIO!S63+TENJO!S63+SOPO!S63+GACHANCIPA!S63+TOCANCIPA!S63+NEMOCON!S63+COGUA!S63 -> 963 | T63: =S63/F17*100000 -> 693.84316 | U63: =CAJICA!U63+COTA!U64+CHIA!U63+ZIPAQUIRA!U63+TABIO!U63+TENJO!U63+SOPO!U63+GACHANCIPA!U63+TOCANCIPA!U63+NEMOCON!U63+COGUA!U63 -> 1015 | V63: =U63/G17*100000 -> 736.29546 | W63: =CAJICA!W63+COTA!W64+CHIA!W63+ZIPAQUIRA!W63+TABIO!W63+TENJO!W63+SOPO!W63+GACHANCIPA!W63+TOCANCIPA!W63+NEMOCON!W63+COGUA!W63 -> 528 | X63: =W63/H17*100000 -> 377.274 | Y63: =((M63+O63+Q63+S63)/1) -> 1493 | Z63: =((N63+P63+R63+T63)/1) -> 1087.6189 | AA63: =((S63+U63)/2) -> 989 | AB63: =(V63+X63)/2 -> 556.78473 | AC63: SIVIGILA
L64: TASA DE MORTALIDAD POR CAUSA EXTERNA EN NNAJ | M64: =CAJICA!M64+COTA!M65+CHIA!M64+ZIPAQUIRA!M64+TABIO!M64+TENJO!M64+SOPO!M64+GACHANCIPA!M64+TOCANCIPA!M64+NEMOCON!M64+COGUA!M64 -> 25 | N64: =M64/C17*100000 -> 19.158899 | O64: =CAJICA!O64+COTA!O65+CHIA!O64+ZIPAQUIRA!O64+TABIO!O64+TENJO!O64+SOPO!O64+GACHANCIPA!O64+TOCANCIPA!O64+NEMOCON!O64+COGUA!O64 -> 39 | P64: =O64/D17*100000 -> 29.296684 | Q64: =CAJICA!Q64+COTA!Q65+CHIA!Q64+ZIPAQUIRA!Q64+TABIO!Q64+TENJO!Q64+SOPO!Q64+GACHANCIPA!Q64+TOCANCIPA!Q64+NEMOCON!Q64+COGUA!Q64 -> 42 | R64: =Q64/E17*100000 -> 30.788623 | S64: =CAJICA!S64+COTA!S65+CHIA!S64+ZIPAQUIRA!S64+TABIO!S64+TENJO!S64+SOPO!S64+GACHANCIPA!S64+TOCANCIPA!S64+NEMOCON!S64+COGUA!S64 -> 29 | T64: =S64/F17*100000 -> 20.89455 | U64: =CAJICA!U64+COTA!U65+CHIA!U64+ZIPAQUIRA!U64+TABIO!U64+TENJO!U64+SOPO!U64+GACHANCIPA!U64+TOCANCIPA!U64+NEMOCON!U64+COGUA!U64 -> #VALUE! | V64: =U64/G17*100000 -> #VALUE! | W64: =CAJICA!W64+COTA!W65+CHIA!W64+ZIPAQUIRA!W64+TABIO!W64+TENJO!W64+SOPO!W64+GACHANCIPA!W64+TOCANCIPA!W64+NEMOCON!W64+COGUA!W64 -> 25 | X64: =W64/H17*100000 -> 17.863352 | Y64: =((M64+O64+Q64+S64)/1) -> 135 | Z64: =((N64+P64+R64+T64)/1) -> 100.13876 | AA64: =((S64+U64)/2) -> #VALUE! | AB64: =(V64+X64)/2 -> #VALUE! | AC64: DANE - EEVV
L65: TASA DE INTENCION SUICIDA EN NNAJ | M65: =CAJICA!M65+COTA!M66+CHIA!M65+ZIPAQUIRA!M65+TABIO!M65+TENJO!M65+SOPO!M65+GACHANCIPA!M65+TOCANCIPA!M65+NEMOCON!M65+COGUA!M65 -> 159 | N65: =M65/C17*100000 -> 121.8506 | O65: =CAJICA!O65+COTA!O66+CHIA!O65+ZIPAQUIRA!O65+TABIO!O65+TENJO!O65+SOPO!O65+GACHANCIPA!O65+TOCANCIPA!O65+NEMOCON!O65+COGUA!O65 -> 179 | P65: =O65/D17*100000 -> 134.46427 | Q65: =CAJICA!Q65+COTA!Q66+CHIA!Q65+ZIPAQUIRA!Q65+TABIO!Q65+TENJO!Q65+SOPO!Q65+GACHANCIPA!Q65+TOCANCIPA!Q65+NEMOCON!Q65+COGUA!Q65 -> 223 | R65: =Q65/E17*100000 -> 163.47293 | S65: =CAJICA!S65+COTA!S66+CHIA!S65+ZIPAQUIRA!S65+TABIO!S65+TENJO!S65+SOPO!S65+GACHANCIPA!S65+TOCANCIPA!S65+NEMOCON!S65+COGUA!S65 -> 248 | T65: =S65/F17*100000 -> 178.68443 | U65: =CAJICA!U65+COTA!U66+CHIA!U65+ZIPAQUIRA!U65+TABIO!U65+TENJO!U65+SOPO!U65+GACHANCIPA!U65+TOCANCIPA!U65+NEMOCON!U65+COGUA!U65 -> 257 | V65: =U65/G17*100000 -> 186.43146 | W65: =CAJICA!W65+COTA!W66+CHIA!W65+ZIPAQUIRA!W65+TABIO!W65+TENJO!W65+SOPO!W65+GACHANCIPA!W65+TOCANCIPA!W65+NEMOCON!W65+COGUA!W65 -> 133 | X65: =W65/H17*100000 -> 95.033035 | Y65: =((M65+O65+Q65+S65)/1) -> 809 | Z65: =((N65+P65+R65+T65)/1) -> 598.47222 | AA65: =((S65+U65)/2) -> 252.5 | AB65: =(V65+X65)/2 -> 140.73225 | AC65: SIVIGILA
L66: TASA DE VIOLENCIA SEXUAL EN NNAJ | M66: =CAJICA!M66+COTA!M67+CHIA!M66+ZIPAQUIRA!M66+TABIO!M66+TENJO!M66+SOPO!M66+GACHANCIPA!M66+TOCANCIPA!M66+NEMOCON!M66+COGUA!M66 -> 166 | N66: =M66/C17*100000 -> 127.21509 | O66: =CAJICA!O66+COTA!O67+CHIA!O66+ZIPAQUIRA!O66+TABIO!O66+TENJO!O66+SOPO!O66+GACHANCIPA!O66+TOCANCIPA!O66+NEMOCON!O66+COGUA!O66 -> 104 | P66: =O66/D17*100000 -> 78.124492 | Q66: =CAJICA!Q66+COTA!Q67+CHIA!Q66+ZIPAQUIRA!Q66+TABIO!Q66+TENJO!Q66+SOPO!Q66+GACHANCIPA!Q66+TOCANCIPA!Q66+NEMOCON!Q66+COGUA!Q66 -> 217 | R66: =Q66/E17*100000 -> 159.07455 | S66: =CAJICA!S66+COTA!S67+CHIA!S66+ZIPAQUIRA!S66+TABIO!S66+TENJO!S66+SOPO!S66+GACHANCIPA!S66+TOCANCIPA!S66+NEMOCON!S66+COGUA!S66 -> 1034 | T66: =S66/F17*100000 -> 744.99878 | U66: =CAJICA!U66+COTA!U67+CHIA!U66+ZIPAQUIRA!U66+TABIO!U66+TENJO!U66+SOPO!U66+GACHANCIPA!U66+TOCANCIPA!U66+NEMOCON!U66+COGUA!U66 -> 1174 | V66: =U66/G17*100000 -> 851.63632 | W66: =CAJICA!W66+COTA!W67+CHIA!W66+ZIPAQUIRA!W66+TABIO!W66+TENJO!W66+SOPO!W66+GACHANCIPA!W66+TOCANCIPA!W66+NEMOCON!W66+COGUA!W66 -> 634 | X66: =W66/H17*100000 -> 453.01462 | Y66: =((M66+O66+Q66+S66)/1) -> 1521 | Z66: =((N66+P66+R66+T66)/1) -> 1109.4129 | AA66: =((S66+U66)/2) -> 1104 | AB66: =(V66+X66)/2 -> 652.32547 | AC66: SIVIGILA
L67: TASA DE ENFERMEDADS HUERFANAS EN NNAJ | M67: =CAJICA!M67+COTA!M68+CHIA!M67+ZIPAQUIRA!M67+TABIO!M67+TENJO!M67+SOPO!M67+GACHANCIPA!M67+TOCANCIPA!M67+NEMOCON!M67+COGUA!M67 -> 40 | N67: =M67/C17*100000 -> 30.654239 | O67: =CAJICA!O67+COTA!O68+CHIA!O67+ZIPAQUIRA!O67+TABIO!O67+TENJO!O67+SOPO!O67+GACHANCIPA!O67+TOCANCIPA!O67+NEMOCON!O67+COGUA!O67 -> 45 | P67: =O67/D17*100000 -> 33.803867 | Q67: =CAJICA!Q67+COTA!Q68+CHIA!Q67+ZIPAQUIRA!Q67+TABIO!Q67+TENJO!Q67+SOPO!Q67+GACHANCIPA!Q67+TOCANCIPA!Q67+NEMOCON!Q67+COGUA!Q67 -> 44 | R67: =Q67/E17*100000 -> 32.254748 | S67: =CAJICA!S67+COTA!S68+CHIA!S67+ZIPAQUIRA!S67+TABIO!S67+TENJO!S67+SOPO!S67+GACHANCIPA!S67+TOCANCIPA!S67+NEMOCON!S67+COGUA!S67 -> 33 | T67: =S67/F17*100000 -> 23.776557 | U67: =CAJICA!U67+COTA!U68+CHIA!U67+ZIPAQUIRA!U67+TABIO!U67+TENJO!U67+SOPO!U67+GACHANCIPA!U67+TOCANCIPA!U67+NEMOCON!U67+COGUA!U67 -> 58 | V67: =U67/G17*100000 -> 42.074026 | W67: =CAJICA!W67+COTA!W68+CHIA!W67+ZIPAQUIRA!W67+TABIO!W67+TENJO!W67+SOPO!W67+GACHANCIPA!W67+TOCANCIPA!W67+NEMOCON!W67+COGUA!W67 -> 37 | X67: =W67/H17*100000 -> 26.437762 | Y67: =((M67+O67+Q67+S67)/1) -> 162 | Z67: =((N67+P67+R67+T67)/1) -> 120.48941 | AA67: =((S67+U67)/2) -> 45.5 | AB67: =(V67+X67)/2 -> 34.255894 | AC67: SIVIGILA
L68: TASA DE INCIDENCIA DE CANCER DE MAMA | M68: =CAJICA!M68+COTA!M69+CHIA!M68+ZIPAQUIRA!M68+TABIO!M68+TENJO!M68+SOPO!M68+GACHANCIPA!M68+TOCANCIPA!M68+NEMOCON!M68+COGUA!M68 -> 25 | N68: =M68/C11*100000 -> 11.301544 | O68: =CAJICA!O68+COTA!O69+CHIA!O68+ZIPAQUIRA!O68+TABIO!O68+TENJO!O68+SOPO!O68+GACHANCIPA!O68+TOCANCIPA!O68+NEMOCON!O68+COGUA!O68 -> 50 | P68: =O68/D11*100000 -> 23.334523 | Q68: =CAJICA!Q68+COTA!Q69+CHIA!Q68+ZIPAQUIRA!Q68+TABIO!Q68+TENJO!Q68+SOPO!Q68+GACHANCIPA!Q68+TOCANCIPA!Q68+NEMOCON!Q68+COGUA!Q68 -> 82 | R68: =Q68/E11*100000 -> 34.726725 | S68: =CAJICA!S68+COTA!S69+CHIA!S68+ZIPAQUIRA!S68+TABIO!S68+TENJO!S68+SOPO!S68+GACHANCIPA!S68+TOCANCIPA!S68+NEMOCON!S68+COGUA!S68 -> 72 | T68: =S68/F11*100000 -> 29.640649 | U68: =CAJICA!U68+COTA!U69+CHIA!U68+ZIPAQUIRA!U68+TABIO!U68+TENJO!U68+SOPO!U68+GACHANCIPA!U68+TOCANCIPA!U68+NEMOCON!U68+COGUA!U68 -> 82 | V68: =U68/G11*100000 -> 33.017926 | W68: =CAJICA!W68+COTA!W69+CHIA!W68+ZIPAQUIRA!W68+TABIO!W68+TENJO!W68+SOPO!W68+GACHANCIPA!W68+TOCANCIPA!W68+NEMOCON!W68+COGUA!W68 -> 44 | X68: =W68/H11*100000 -> 17.239003 | Y68: =((M68+O68+Q68+S68)/2) -> 114.5 | Z68: =((N68+P68+R68+T68)/2) -> 49.50172 | AA68: =((S68+U68)/2) -> 77 | AB68: =(V68+X68)/2 -> 25.128464 | AC68: SIVIGILA
L69: TASA DE INCIDENCIA DE CANCER DE CERVIX | M69: =CAJICA!M69+COTA!M70+CHIA!M69+ZIPAQUIRA!M69+TABIO!M69+TENJO!M69+SOPO!M69+GACHANCIPA!M69+TOCANCIPA!M69+NEMOCON!M69+COGUA!M69 -> 26 | N69: =M69/C11*100000 -> 11.753606 | O69: =CAJICA!O69+COTA!O70+CHIA!O69+ZIPAQUIRA!O69+TABIO!O69+TENJO!O69+SOPO!O69+GACHANCIPA!O69+TOCANCIPA!O69+NEMOCON!O69+COGUA!O69 -> 64 | P69: =O69/D11*100000 -> 29.868189 | Q69: =CAJICA!Q69+COTA!Q70+CHIA!Q69+ZIPAQUIRA!Q69+TABIO!Q69+TENJO!Q69+SOPO!Q69+GACHANCIPA!Q69+TOCANCIPA!Q69+NEMOCON!Q69+COGUA!Q69 -> 116 | R69: =Q69/E11*100000 -> 49.125611 | S69: =CAJICA!S69+COTA!S70+CHIA!S69+ZIPAQUIRA!S69+TABIO!S69+TENJO!S69+SOPO!S69+GACHANCIPA!S69+TOCANCIPA!S69+NEMOCON!S69+COGUA!S69 -> 97 | T69: =S69/F11*100000 -> 39.932541 | U69: =CAJICA!U69+COTA!U70+CHIA!U69+ZIPAQUIRA!U69+TABIO!U69+TENJO!U69+SOPO!U69+GACHANCIPA!U69+TOCANCIPA!U69+NEMOCON!U69+COGUA!U69 -> 78 | V69: =U69/G11*100000 -> 31.407295 | W69: =CAJICA!W69+COTA!W70+CHIA!W69+ZIPAQUIRA!W69+TABIO!W69+TENJO!W69+SOPO!W69+GACHANCIPA!W69+TOCANCIPA!W69+NEMOCON!W69+COGUA!W69 -> 27 | X69: =W69/H11*100000 -> 10.578479 | Y69: =((M69+O69+Q69+S69)/2) -> 151.5 | Z69: =((N69+P69+R69+T69)/2) -> 65.339973 | AA69: =((S69+U69)/2) -> 87.5 | AB69: =(V69+X69)/2 -> 20.992887 | AC69: SIVIGILA
L70: TASA DE MORTALIDAD POR CANCER DE ESTOMAGO | M70: =CAJICA!M70+COTA!M71+CHIA!M70+ZIPAQUIRA!M70+TABIO!M70+TENJO!M70+SOPO!M70+GACHANCIPA!M70+TOCANCIPA!M70+NEMOCON!M70+COGUA!M70 -> 43 | N70: =M70/C7*100000 -> 9.6139442 | O70: =CAJICA!O70+COTA!O71+CHIA!O70+ZIPAQUIRA!O70+TABIO!O70+TENJO!O70+SOPO!O70+GACHANCIPA!O70+TOCANCIPA!O70+NEMOCON!O70+COGUA!O70 -> 32 | P70: =O70/D7*100000 -> 6.9208193 | Q70: =CAJICA!Q70+COTA!Q71+CHIA!Q70+ZIPAQUIRA!Q70+TABIO!Q70+TENJO!Q70+SOPO!Q70+GACHANCIPA!Q70+TOCANCIPA!Q70+NEMOCON!Q70+COGUA!Q70 -> 48 | R70: =Q70/E7*100000 -> 10.064518 | S70: =CAJICA!S70+COTA!S71+CHIA!S70+ZIPAQUIRA!S70+TABIO!S70+TENJO!S70+SOPO!S70+GACHANCIPA!S70+TOCANCIPA!S70+NEMOCON!S70+COGUA!S70 -> 48 | T70: =S70/F7*100000 -> 9.7597872 | U70: =CAJICA!U70+COTA!U71+CHIA!U70+ZIPAQUIRA!U70+TABIO!U70+TENJO!U70+SOPO!U70+GACHANCIPA!U70+TOCANCIPA!U70+NEMOCON!U70+COGUA!U70 -> 50 | V70: =U70/G7*100000 -> #VALUE! | W70: =CAJICA!W70+COTA!W71+CHIA!W70+ZIPAQUIRA!W70+TABIO!W70+TENJO!W70+SOPO!W70+GACHANCIPA!W70+TOCANCIPA!W70+NEMOCON!W70+COGUA!W70 -> 14 | X70: =W70/H7*100000 -> 2.6899592 | Y70: =((M70+O70+Q70+S70)/1) -> 171 | Z70: =((N70+P70+R70+T70)/1) -> 36.359069 | AA70: =((S70+U70)/2) -> 49 | AB70: =(V70+X70)/2 -> #VALUE! | AC70: DANE

Sheet CAJICA
D1: MATRIZ DE INDICADRORES SALUD PÚBLICA | L1: Fuente de datos: ASIS municipal, oficina de epidemiología o vigilancia en salud publica de cada municipio.
B2: RECOMENDACIONES. TODOS LOS VALORES ESTAN FORMULADOS, Y SON FORMULACION ESTANDAR INTERNACIONAL. LA FUENTE DE POBLACION DE REFERENCIA ES DANE AJUSTE COVID 2021. EN ALGUNOS INDICADORES DEBE SUMAR MUERTES FETALES A NACIMIENTOS PARA AJUSTAR DENOMINADOR. LAS FUENTES UTILIZADAS SON LAS MAS RELEVANTES, SI POSEE OTRA FUENTE DE INFORMACION INCLUYALA Y MODIFIQUE LA FUENTE. | L2: INDICADOR | M2: CASOS 2020 | N2: VALOR DEL INDICADOR 2020 CORTE 31/12/2020 | O2: CASOS 2021 | P2: VALOR DEL INDICADOR 2021 corte 31/12/2021 mortalidad | Q2: CASOS 2022 | R2: VALOR DEL INDICADOR 2022 | S2: CASOS 2023 | T2: VALOR DEL INDICADOR 2023 31-12-2023 | U2: CASOS 2024 | V2: VALOR DEL INDICADOR 2024 preliminar 31-12-2024 | W2: CASOS 2025 | X2: VALOR DEL INDICADOR 2025 preliminar 24-06-2025 | Y2: VALOR PROMEDIO INDICADOR CUATRENIO ANTERIOR | Z2: VALOR PROMEDIO CASOS CUATRENIO ANTERIOR | AA2: VALOR PROMEDIO INDICADOR PERIODO 2024-2025 | AB2: VALOR PROMEDIO CASOS PERIODO ACTUAL 2024-2025 | AC2: FUENTE
L3: TASA DE MORTALIDAD | M3: 336 | N3: =M3/C7*1000 -> 3.7544836 | O3: 493 | P3: =O3/D7*1000 -> 5.3398321 | Q3: 425 | R3: =Q3/E7*1000 -> 4.4616144 | S3: 397 | T3: =S3/F7*1000 -> 4.0328725 | U3: 394 | V3: =U3/G7*1000 -> 3.8786399 | W3: 221 | X3: =W3/H7*1000 -> 2.1128511 | Y3: =((M3+O3+Q3+S3)/4) -> 412.75 | Z3: =((N3+P3+R3+T3)/4) -> 4.3972006 | AA3: =((S3+U3)/2) -> 395.5 | AB3: =(V3+X3)/2 -> 2.9957455 | AC3: DANE
L4: TASA DE NATALIDAD | M4: 891 | N4: =M4/C7*1000 -> 9.956086 | O4: 890 | P4: =O4/D7*1000 -> 9.6398592 | Q4: 869 | R4: =Q4/E7*1000 -> 9.1226891 | S4: 842 | T4: =S4/F7*1000 -> 8.5533467 | U4: 859 | V4: =U4/G7*1000 -> 8.4562226 | W4: 372 | X4: =W4/H7*1000 -> 3.5564734 | Y4: =((M4+O4+Q4+S4)/4) -> 873 | Z4: =((N4+P4+R4+T4)/4) -> 9.3179952 | AA4: =((S4+U4)/2) -> 850.5 | AB4: =(V4+X4)/2 -> 6.006348 | AC4: RUAF
B5: Columna1 | C5: AÑO 2020 | D5: AÑO 2021 | E5: AÑO 2022 | F5: AÑO 2023 | G5: AÑO 2024 | H5: AÑO 2025 | L5: RAZON DE MORTALIDAD MATERNA | M5: 0 | N5: =M5/C12*100000 -> 0 | O5: 1 | P5: =O5/D12*100000 -> 112.35955 | Q5: 0 | R5: =Q5/E12*100000 -> 0 | S5: 0 | T5: =S5/F12*100000 -> 0 | U5: 0 | V5: =U5/G12*100000 -> 0 | W5: 0 | X5: =W5/H12*100000 -> 0 | Y5: =((M5+O5+Q5+S5)/4) -> 0.25 | Z5: =((N5+P5+R5+T5)/4) -> 28.089888 | AA5: =((S5+U5)/2) -> 0 | AB5: =(V5+X5)/2 -> 0 | AC5: DANE - RUAF
L6: RAZON DE MORTALIDAD FETAL | M6: 48 | N6: =M6/M4*1000 -> 53.872054 | O6: 42 | P6: =O6/O4*1000 -> 47.191011 | Q6: 32 | R6: =Q6/Q4*1000 -> 36.823936 | S6: 31 | T6: =S6/S4*1000 -> 36.817102 | U6: 30 | V6: =U6/U4*1000 -> 34.924331 | W6: 15 | X6: =W6/W4*1000 -> 40.322581 | Y6: =((M6+O6+Q6+S6)/4) -> 38.25 | Z6: =((N6+P6+R6+T6)/4) -> 43.676026 | AA6: =((S6+U6)/2) -> 30.5 | AB6: =(V6+X6)/2 -> 37.623456 | AC6: DANE
B7: POBLACION TOTAL | C7: 89493 | D7: 92325 | E7: 95257 | F7: 98441 | G7: 101582 | H7: 104598 | L7: RAZON DE MORTALIDAD PERINATAL | M7: 11 | N7: =M7/902*1000 -> 12.195122 | O7: 6 | P7: =O7/896*1000 -> 6.6964286 | Q7: 5 | R7: =Q7/874*1000 -> 5.7208238 | S7: 12 | T7: =S7/854*1000 -> 14.051522 | U7: 7 | V7: =4/859*1000 -> 4.6565774 | W7: 4 | X7: =4/376*1000 -> 10.638298 | Y7: =((M7+O7+Q7+S7)/4) -> 8.5 | Z7: =((N7+P7+R7+T7)/4) -> 9.6659741 | AA7: =((S7+U7)/2) -> 9.5 | AB7: =(V7+X7)/2 -> 7.6474376 | AC7: DANE - SIVIGILA
B8: POBLACION TOTAL CABECERA | C8: 64093 | D8: 67711 | E8: 70689 | L8: TASA DE MORTALIDAD POR DESNUTRICION < 5 AÑOS | N8: =M8/C15*1000 -> 0 | O8: 0 | P8: =O8/D15*1000 -> 0 | Q8: 0 | R8: =Q8/E15*1000 -> 0 | S8: 0 | T8: =S8/F15*1000 -> 0 | U8: 0 | V8: =U8/G15*1000 -> 0 | W8: 0 | X8: =W8/H15*1000 -> 0 | Y8: =((M8+O8+Q8+S8)/4) -> 0 | Z8: =((N8+P8+R8+T8)/4) -> 0 | AA8: =((S8+U8)/2) -> 0 | AB8: =(V8+X8)/2 -> 0 | AC8: DANE - SIVIGILA
B9: POBLACION TOTAL RURAL DISPERSA | C9: 28874 | D9: 28967 | E9: 29031 | L9: TASA DE MORTALIDAD BRUTA POR CAUSA EXTERNA | M9: 6 | N9: =M9/C7*100000 -> 6.704435 | O9: 23 | P9: =O9/D7*100000 -> 24.911996 | Q9: 19 | R9: =Q9/E7*100000 -> 19.946041 | S9: 21 | T9: =S9/F7*100000 -> 21.332575 | U9: 22 | V9: =U9/G7*100000 -> 21.65738 | W9: 15 | X9: =W9/H7*100000 -> 14.340618 | Y9: =((M9+O9+Q9+S9)/4) -> 17.25 | Z9: =((N9+P9+R9+T9)/4) -> 18.223762 | AA9: =((S9+U9)/2) -> 21.5 | AB9: =(V9+X9)/2 -> 17.998999 | AC9: DANE
B10: POBLACION MASCULINA | C10: 44606 | D10: 46370 | E10: 47812 | F10: 49160 | G10: 48606 | H10: 50045 | L10: TASA DE MORTALIDAD POR IRA < 5 AÑOS | M10: 0 | N10: =M10/C15*100000 -> 0 | O10: 0 | P10: =O10/D15*100000 -> 0 | Q10: 1 | R10: =Q10/E15*100000 -> 13.419216 | S10: 0 | T10: =S10/F15*100000 -> 0 | U10: 0 | V10: =U10/G15*100000 -> 0 | W10: 1 | X10: =W10/H15*100000 -> 14.639145 | Y10: =((M10+O10+Q10+S10)/4) -> 0.25 | Z10: =((N10+P10+R10+T10)/4) -> 3.3548041 | AA10: =((S10+U10)/2) -> 0 | AB10: =(V10+X10)/2 -> 7.3195725 | AC10: DANE
B11: POBLACION FEMENINA | C11: 48361 | D11: 50308 | E11: 51908 | F11: 53394 | G11: 52976 | H11: 54553 | L11: TASA DE MORTALIDAD POR EDA < 5 AÑOS | M11: 0 | N11: =M11/C15*100000 -> 0 | O11: 0 | P11: =O11/D16*100000 -> 0 | Q11: 0 | R11: =Q11/F16*100000 -> 0 | S11: 0 | T11: =S11/F15*100000 -> 0 | U11: 0 | V11: =U11/G15*100000 -> 0 | W11: 0 | X11: =W11/H15*100000 -> 0 | Y11: =((M11+O11+Q11+S11)/4) -> 0 | Z11: =((N11+P11+R11+T11)/4) -> 0 | AA11: =((S11+U11)/2) -> 0 | AB11: =(V11+X11)/2 -> 0 | AC11: DANE
B12: NACIMIENTOS | C12: 891 | D12: 890 | E12: 870 | F12: 842 | G12: 864 | H12: 372 | L12: TASA BRUTA DE VIOLENCIA INTRAFAMILIAR | M12: 217 | N12: =M12/C7*100000 -> 242.47707 | O12: 275 | P12: =O12/D7*100000 -> 297.86082 | Q12: 363 | R12: =Q12/E7*100000 -> 381.07436 | S12: 514 | T12: =S12/F7*100000 -> 522.14017 | U12: 734 | V12: =U12/G7*100000 -> 722.56896 | W12: 379 | X12: =W12/H7*100000 -> 362.33962 | Y12: =((M12+O12+Q12+S12)/4) -> 342.25 | Z12: =((N12+P12+R12+T12)/4) -> 360.8881 | AA12: =((S12+U12)/2) -> 624 | AB12: =(V12+X12)/2 -> 542.45429 | AC12: SIVIGILA
B13: DEFUNCIONES | C13: 336 | D13: 485 | E13: 438 | F13: 428 | G13: 395 | H13: 221 | L13: TASA DE VIOLENCIA DE GENERO FEMENINA | M13: 154 | N13: =M13/C11*100000 -> 318.43841 | O13: 230 | P13: =O13/D11*100000 -> 457.18375 | Q13: 310 | R13: =Q13/E11*100000 -> 597.21045 | S13: 365 | T13: =S13/F11*100000 -> 683.59741 | U13: 597 | V13: =U13/G11*100000 -> 1126.9254 | W13: 290 | X13: =W13/H11*100000 -> 531.59313 | Y13: =((M13+O13+Q13+S13)/4) -> 264.75 | Z13: =((N13+P13+R13+T13)/4) -> 514.1075 | AA13: =((S13+U13)/2) -> 481 | AB13: =(V13+X13)/2 -> 829.25926 | AC13: SIVIGILA
B14: POBLACION MENOR 1 AÑO | C14: 891 | D14: 890 | E14: 1446 | F14: 1310 | G14: 1310 | H14: 1323 | L14: TASA DE MORTALIDAD INFANTIL | M14: 3 | N14: =M14/M4*1000 -> 3.3670034 | O14: 5 | P14: =O14/O4*1000 -> 5.6179775 | Q14: 3 | R14: =Q14/Q4*1000 -> 3.452244 | S14: 7 | T14: =S14/S4*1000 -> 8.3135392 | U14: 4 | V14: =U14/U4*1000 -> 4.6565774 | W14: 6 | X14: =W14/W4*1000 -> 16.129032 | Y14: =((M14+O14+Q14+S14)/4) -> 4.5 | Z14: =((N14+P14+R14+T14)/4) -> 5.187691 | AA14: =((S14+U14)/2) -> 5.5 | AB14: =(V14+X14)/2 -> 10.392805 | AC14: DANE
B15: POBLACION MENOR 5 AÑOS | C15: 7103 | D15: 7319 | E15: 7452 | F15: 6801 | G15: 6824 | H15: 6831 | L15: TASA DE MORTALIDAD INFANTIL < 5 AÑOS | M15: 3 | N15: =M15/C15*100000 -> 42.235675 | O15: 5 | P15: =O15/D15*100000 -> 68.315344 | Q15: 4 | R15: =Q15/E15*100000 -> 53.676865 | S15: 7 | T15: =S15/F15*100000 -> 102.92604 | U15: 4 | V15: =U15/G15*100000 -> 58.616647 | W15: 6 | X15: =W15/H15*100000 -> 87.83487 | Y15: =((M15+O15+Q15+S15)/4) -> 4.75 | Z15: =((N15+P15+R15+T15)/4) -> 66.788481 | AA15: =((S15+U15)/2) -> 5.5 | AB15: =(V15+X15)/2 -> 73.225759 | AC15: DANE
B16: POBLACION MAYOR 15 AÑOS | C16: 72134 | D16: 75163 | E16: 77671 | F16: 80029 | G16: 79184 | H16: 81838 | L16: PROPORCION DE BAJO PESO AL NACER | M16: 90 | N16: =M16/M4*100 -> 10.10101 | O16: 118 | P16: =O16/O4*100 -> 13.258427 | Q16: 114 | R16: =Q16/Q4*100 -> 13.118527 | S16: 106 | T16: =S16/S4*100 -> 12.589074 | U16: 139 | V16: =U16/U4*100 -> 16.181607 | W16: 43 | X16: =W16/W4*100 -> 11.55914 | Y16: =((M16+O16+Q16+S16)/4) -> 107 | Z16: =((N16+P16+R16+T16)/4) -> 12.266759 | AA16: =((S16+U16)/2) -> 122.5 | AB16: =(V16+X16)/2 -> 13.870373 | AC16: RUAF
B17: POBLACION MENOR 19 AÑOS | C17: 28081 | D17: 28848 | E17: 29422 | F17: 29943 | G17: 28097 | H17: 28515 | L17: PROPORCION DE BAJO PESO AL NACER A TERMINO | M17: 42 | N17: =M17/M4*100 -> 4.7138047 | O17: 55 | P17: =O17/O4*100 -> 6.1797753 | Q17: 47 | R17: =Q17/Q4*100 -> 5.4085155 | S17: 54 | T17: =S17/S4*100 -> 6.4133017 | U17: 67 | V17: =U17/U4*100 -> 7.7997672 | W17: 23 | X17: =W17/W4*100 -> 6.1827957 | Y17: =((M17+O17+Q17+S17)/4) -> 49.5 | Z17: =((N17+P17+R17+T17)/4) -> 5.6788493 | AA17: =((S17+U17)/2) -> 60.5 | AB17: =(V17+X17)/2 -> 6.9912814 | AC17: RUAF
B18: POBLACION MENOR 65 AÑOS | C18: 86046 | D18: 89312 | E18: 91913 | F18: 94292 | G18: 93064 | H18: 95563 | L18: TASA DE DESNUTRICION AGUDA < 5 AÑOS | M18: 10 | N18: =M18/C15*1000 -> 1.4078558 | O18: 11 | P18: =O18/D15*1000 -> 1.5029376 | Q18: 31 | R18: =Q18/E15*1000 -> 4.1599571 | S18: 37 | T18: =S18/F15*1000 -> 5.4403764 | U18: 39 | V18: =U18/G15*1000 -> 5.7151231 | W18: 14 | X18: =W18/H15*1000 -> 2.0494803 | Y18: =((M18+O18+Q18+S18)/4) -> 22.25 | Z18: =((N18+P18+R18+T18)/4) -> 3.1277817 | AA18: =((S18+U18)/2) -> 38 | AB18: =(V18+X18)/2 -> 3.8823017 | AC18: SIVIGILA
B19: POBLACION 20 A 65 | C19: 57965 | D19: 60464 | E19: 62491 | F19: 63176 | G19: 64967 | H19: 67048 | L19: PROPORCION DE EMBARAZO EN ADOLESCENTE | M19: 90 | N19: =M19/M4*100 -> 10.10101 | O19: 66 | P19: =O19/O4*100 -> 7.4157303 | Q19: 80 | R19: =Q19/Q4*100 -> 9.2059839 | S19: 58 | T19: =S19/S4*100 -> 6.888361 | U19: 60 | V19: =U19/U4*100 -> 6.9848661 | W19: 23 | X19: =W19/W4*100 -> 6.1827957 | Y19: =((M19+O19+Q19+S19)/4) -> 73.5 | Z19: =((N19+P19+R19+T19)/4) -> 8.4027713 | AA19: =((S19+U19)/2) -> 59 | AB19: =(V19+X19)/2 -> 6.5838309 | AC19: RUAF
B20: POBLACION MUJERES 10 A 14 | C20: 3278 | D20: 3372 | E20: 3453 | F20: 3534 | G20: 3357 | H20: 3492 | L20: TASA DE FECUNDIDAD 10 A 14 AÑOS | M20: 1 | N20: =M20/C20*1000 -> 0.30506406 | O20: 0 | P20: =O20/D20*1000 -> 0 | Q20: 1 | R20: =Q20/E20*1000 -> 0.28960324 | S20: 0 | T20: =S20/F20*1000 -> 0 | U20: 1 | V20: =U20/G20*1000 -> 0.29788502 | W20: 3 | X20: =W20/H20*1000 -> 0.85910653 | Y20: =((M20+O20+Q20+S20)/4) -> 0.5 | Z20: =((N20+P20+R20+T20)/4) -> 0.14866683 | AA20: =((S20+U20)/2) -> 0.5 | AB20: =(V20+X20)/2 -> 0.57849577 | AC20: RUAF
B21: POBLACION MUJERES 15 A 19 | C21: 3560 | D21: 3606 | E21: 3628 | F21: 3652 | G21: 3578 | H21: 3532 | L21: TASA DE FECUNDIDAD 15 A 19 AÑOS | M21: 89 | N21: =M21/C21*1000 -> 25 | O21: 66 | P21: =O21/D21*1000 -> 18.302829 | Q21: 79 | R21: =Q21/E21*1000 -> 21.775083 | S21: 58 | T21: =S21/F21*1000 -> 15.881709 | U21: 58 | V21: =U21/G21*1000 -> 16.210173 | W21: 20 | X21: =W21/H21*1000 -> 5.6625142 | Y21: =((M21+O21+Q21+S21)/4) -> 73 | Z21: =((N21+P21+R21+T21)/4) -> 20.239905 | AA21: =((S21+U21)/2) -> 58 | AB21: =(V21+X21)/2 -> 10.936344 | AC21: RUAF
B22: POBLACION MUJERES EN EDAD FERTIL | C22: 32893 | D22: 34086 | E22: 35025 | F22: 35887 | G22: 35741 | H22: 36734 | L22: TASA DE MORTALIDAD POR ACCIDENTE DE TRANSITO | M22: 0 | N22: =M22/C7*100000 -> 0 | O22: 8 | P22: =O22/D7*100000 -> 8.665042 | Q22: 10 | R22: =Q22/E7*100000 -> 10.497916 | S22: 6 | T22: =S22/F7*100000 -> 6.0950214 | U22: 7 | V22: =U22/G7*100000 -> 6.8909846 | W22: 9 | X22: =W22/H7*100000 -> 8.604371 | Y22: =((M22+O22+Q22+S22)/4) -> 6 | Z22: =((N22+P22+R22+T22)/4) -> 6.3144949 | AA22: =((S22+U22)/2) -> 6.5 | AB22: =(V22+X22)/2 -> 7.7476778 | AC22: DANE
B23: POBLACION 0 A 5 AÑOS | D23: 8782 | E23: 8967 | F23: 8232 | G23: 8276 | H23: 8299 | L23: TASA DE MORTALIDAD POR SUICIDIO | M23: 2 | N23: =M23/C7*100000 -> 2.2348117 | O23: 3 | P23: =O23/D7*100000 -> 3.2493907 | Q23: 0 | R23: =Q23/E7*100000 -> 0 | S23: 1 | T23: =S23/F7*100000 -> 1.0158369 | U23: 5 | V23: =U23/G7*100000 -> 4.9221319 | W23: 1 | X23: =W23/H7*100000 -> 0.95604122 | Y23: =((M23+O23+Q23+S23)/4) -> 1.5 | Z23: =((N23+P23+R23+T23)/4) -> 1.6250098 | AA23: =((S23+U23)/2) -> 3 | AB23: =(V23+X23)/2 -> 2.9390865 | AC23: DANE
B24: POBLACION 6 A 11 AÑOS | D24: 8515 | E24: 8779 | F24: 9037 | G24: 8559 | H24: 8778 | L24: TASA DE MORTALIDAD POR HOMICIDIO | M24: 1 | N24: =M24/C7*100000 -> 1.1174058 | O24: 3 | P24: =O24/D7*100000 -> 3.2493907 | Q24: 3 | R24: =Q24/E7*100000 -> 3.1493748 | S24: 6 | T24: =S24/F7*100000 -> 6.0950214 | U24: 3 | V24: =U24/G7*100000 -> 2.9532791 | W24: 1 | X24: =W24/H7*100000 -> 0.95604122 | Y24: =((M24+O24+Q24+S24)/4) -> 3.25 | Z24: =((N24+P24+R24+T24)/4) -> 3.4027982 | AA24: =((S24+U24)/2) -> 4.5 | AB24: =(V24+X24)/2 -> 1.9546602 | AC24: DANE
B25: POBLACION 12 A 17 AÑOS | D25: 8571 | E25: 8691 | F25: 8822 | G25: 8393 | H25: 8550 | L25: TASA DE INTENCION SUICIDA | M25: 40 | N25: =M25/C7*100000 -> 44.696233 | O25: 38 | P25: =O25/D7*100000 -> 41.158949 | Q25: 86 | R25: =Q25/E7*100000 -> 90.282079 | S25: 88 | T25: =S25/F7*100000 -> 89.393647 | U25: 106 | V25: =U25/G7*100000 -> 104.3492 | W25: 46 | X25: =W25/H7*100000 -> 43.977896 | Y25: =((M25+O25+Q25+S25)/4) -> 63 | Z25: =((N25+P25+R25+T25)/4) -> 66.382727 | AA25: =((S25+U25)/2) -> 97 | AB25: =(V25+X25)/2 -> 74.163546 | AC25: SIVIGILA
B26: POBLACION 18 A 28 AÑOS | D26: 17210 | E26: 17430 | F26: 17557 | G26: 17323 | H26: 17442 | L26: TASA DE MORTALIDAD PREMATURA (<65 AÑOS) | M26: 58 | N26: =M26/C7*100000 -> 64.809538 | O26: 144 | P26: =O26/D7*100000 -> 155.97076 | Q26: 133 | R26: =Q26/E7*100000 -> 139.62229 | S26: 50 | T26: =S26/F7*100000 -> 50.791845 | U26: 54 | V26: =U26/G7*100000 -> 53.159024 | W26: 20 | X26: =W26/H7*100000 -> 19.120824 | Y26: =((M26+O26+Q26+S26)/4) -> 96.25 | Z26: =((N26+P26+R26+T26)/4) -> 102.79861 | AA26: =((S26+U26)/2) -> 52 | AB26: =(V26+X26)/2 -> 36.139924 | AC26: DANE
B27: POBLACION ADULTO MAYOR | E27: =E7-E18 -> 3344 | F27: =F7-F18 -> 4149 | G27: 8518 | H27: 9035 | L27: TASA DE MORTALIDAD POR CANCER DE CUELLO UTERINO | M27: 1 | N27: =M27/C11*100000 -> 2.0677819 | O27: 1 | P27: =O27/D11*100000 -> 1.9877554 | Q27: 5 | R27: =Q27/E11*100000 -> 9.6324266 | S27: 0 | T27: =S27/F11*100000 -> 0 | U27: 1 | V27: =U27/G11*100000 -> 1.8876472 | W27: 0 | X27: =W27/H11*100000 -> 0 | Y27: =((M27+O27+Q27+S27)/4) -> 1.75 | Z27: =((N27+P27+R27+T27)/4) -> 3.421991 | AA27: =((S27+U27)/2) -> 0.5 | AB27: =(V27+X27)/2 -> 0.94382362 | AC27: DANE
L28: TASA DE MORTALIDAD POR CANCER DE MAMA | M28: 5 | N28: =M28/C11*100000 -> 10.338909 | O28: 4 | P28: =O28/D11*100000 -> 7.9510217 | Q28: 5 | R28: =Q28/E11*100000 -> 9.6324266 | S28: 8 | T28: =S28/F11*100000 -> 14.982957 | U28: 4 | V28: =U28/G11*100000 -> 7.5505889 | W28: 2 | X28: =W28/H11*100000 -> 3.6661595 | Y28: =((M28+O28+Q28+S28)/4) -> 5.5 | Z28: =((N28+P28+R28+T28)/4) -> 10.726329 | AA28: =((S28+U28)/2) -> 6 | AB28: =(V28+X28)/2 -> 5.6083742 | AC28: DANE
L29: TASA DE MORTALIDAD POR CANCER DE PROSTATA | M29: 1 | N29: =M29/C10*100000 -> 2.2418509 | O29: 8 | P29: =O29/D10*100000 -> 17.252534 | Q29: 2 | R29: =Q29/E10*100000 -> 4.1830503 | S29: 7 | T29: =S29/F10*100000 -> 14.239219 | U29: 6 | V29: =U29/G10*100000 -> 12.344155 | W29: 3 | X29: =W29/H10*100000 -> 5.9946049 | Y29: =((M29+O29+Q29+S29)/4) -> 4.5 | Z29: =((N29+P29+R29+T29)/4) -> 9.4791635 | AA29: =((S29+U29)/2) -> 6.5 | AB29: =(V29+X29)/2 -> 9.1693799 | AC29: DANE
B30: MOMENTO CURSO DE VIDA | C30: AÑO 2020 | D30: AÑO 2021 | E30: AÑO 2022 | F30: AÑO 2023 | G30: AÑO 2024 | H30: AÑO 2025 | L30: TASA DE MORTALIDAD POR ENFERMEDADES TRASMISIBLES | M30: 56 | N30: =M30/C7*100000 -> 62.574727 | O30: 172 | P30: =O30/D7*100000 -> 186.2984 | Q30: 34 | R30: =Q30/E7*100000 -> 35.692915 | S30: 22 | T30: =S30/F7*100000 -> 22.348412 | U30: 12 | V30: =U30/G7*100000 -> 11.813116 | W30: 15 | X30: =W30/H7*100000 -> 14.340618 | Y30: =((M30+O30+Q30+S30)/4) -> 71 | Z30: =((N30+P30+R30+T30)/4) -> 76.728614 | AA30: =((S30+U30)/2) -> 17 | AB30: =(V30+X30)/2 -> 13.076867 | AC30: DANE
B31: POBLACION PRIMERA INFANCIA | D31: 8782 | E31: 8967 | F31: 8232 | G31: 8276 | H31: 8299 | L31: TASA DE MORTALIDAD POR VIH | M31: 1 | N31: =M31/C7*100000 -> 1.1174058 | O31: 0 | P31: =O31/D7*100000 -> 0 | Q31: 1 | R31: =Q31/E7*100000 -> 1.0497916 | S31: 2 | T31: =S31/F7*100000 -> 2.0316738 | U31: 2 | V31: =U31/G7*100000 -> 1.9688527 | W31: 0 | X31: =W31/H7*100000 -> 0 | Y31: =((M31+O31+Q31+S31)/4) -> 1 | Z31: =((N31+P31+R31+T31)/4) -> 1.0497178 | AA31: =((S31+U31)/2) -> 2 | AB31: =(V31+X31)/2 -> 0.98442637 | AC31: DANE
B32: POBLACIÓN INFANCIA | D32: 8515 | E32: 8779 | F32: 9037 | G32: 8559 | H32: 8778 | L32: PORCENTAJE DE PREVALENCIA VIH | M32: 31 | N32: =M32/C7*100 -> 0.034639581 | O32: 21 | P32: =O32/D7*100 -> 0.022745735 | Q32: 39 | R32: =Q32/E7*100 -> 0.040941873 | S32: 44 | T32: =S32/F7*100 -> 0.044696823 | U32: 49 | V32: =U32/G7*100 -> 0.048236892 | W32: 30 | X32: =W32/H7*100 -> 0.028681237 | Y32: =((M32+O32+Q32+S32)/4) -> 33.75 | Z32: =((N32+P32+R32+T32)/4) -> 0.035756003 | AA32: =((S32+U32)/2) -> 46.5 | AB32: =(V32+X32)/2 -> 0.038459065 | AC32: SIVIGILA
B33: POBLACION ADOLESCENCIA | D33: 8571 | E33: 8691 | F33: 8822 | G33: 8393 | H33: 8550 | L33: TASA DE MORBILIDAD POR IRA | M33: 10376 | N33: =M33/C7*10000 -> 1159.4203 | O33: 23028 | P33: =O33/D7*10000 -> 2494.2323 | Q33: 21551 | R33: =Q33/E7*10000 -> 2262.4059 | S33: 15273 | T33: =S33/F7*10000 -> 1551.4877 | U33: 24720 | V33: =U33/G7*10000 -> 2433.502 | W33: 10804 | X33: =W33/H7*10000 -> 1032.9069 | Y33: =((M33+O33+Q33+S33)/4) -> 17557 | Z33: =((N33+P33+R33+T33)/4) -> 1866.8866 | AA33: =((S33+U33)/2) -> 19996.5 | AB33: =(V33+X33)/2 -> 1733.2045 | AC33: SIVIGILA
B34: POBLACIÓN JUVENTUD | D34: 17210 | E34: 17430 | F34: 17557 | G34: 17323 | H34: 17442 | L34: TASA DE MORBILIDAD POR EDA | M34: 2478 | N34: =M34/C7*10000 -> 276.89316 | O34: 2794 | P34: =O34/D7*10000 -> 302.62659 | Q34: 6662 | R34: =Q34/E7*10000 -> 699.37117 | S34: 3256 | T34: =S34/F7*10000 -> 330.75649 | U34: 7966 | V34: =U34/G7*10000 -> 784.19405 | W34: 3732 | X34: =W34/H7*10000 -> 356.79458 | Y34: =((M34+O34+Q34+S34)/4) -> 3797.5 | Z34: =((N34+P34+R34+T34)/4) -> 402.41186 | AA34: =((S34+U34)/2) -> 5611 | AB34: =(V34+X34)/2 -> 570.49432 | AC34: SIVIGILA
B35: POBLACIÓN ADULTEZ | L35: RAZON DE MORBILIDAD MATERNA EXTREMA | M35: 44 | N35: =M35/M4*1000 -> 49.382716 | O35: 43 | P35: =O35/O4*1000 -> 48.314607 | Q35: 53 | R35: =Q35/Q4*1000 -> 60.989643 | S35: 55 | T35: =S35/S4*1000 -> 65.320665 | U35: 78 | V35: =U35/U4*1000 -> 90.80326 | W35: 33 | X35: =W35/W4*1000 -> 88.709677 | Y35: =((M35+O35+Q35+S35)/4) -> 48.75 | Z35: =((N35+P35+R35+T35)/4) -> 56.001908 | AA35: =((S35+U35)/2) -> 66.5 | AB35: =(V35+X35)/2 -> 89.756469 | AC35: SIVIGILA
B36: POBLACIÓN VEJEZ | E36: =E16-E27 -> 74327 | F36: =F16-F27 -> 75880 | G36: 8518 | H36: 9035 | L36: TASA DE SIFILIS GESTACIONAL | M36: 6 | N36: =M36/M4*1000 -> 6.7340067 | O36: 3 | P36: =O36/O4*1000 -> 3.3707865 | Q36: 7 | R36: =Q36/Q4*1000 -> 8.0552359 | S36: 7 | T36: =S36/S4*1000 -> 8.3135392 | U36: 5 | V36: =U36/U4*1000 -> 5.8207218 | W36: 4 | X36: =W36/W4*1000 -> 10.752688 | Y36: =((M36+O36+Q36+S36)/4) -> 5.75 | Z36: =((N36+P36+R36+T36)/4) -> 6.6183921 | AA36: =((S36+U36)/2) -> 6 | AB36: =(V36+X36)/2 -> 8.286705 | AC36: SIVIGILA
L37: TASA DE SIFILIS CONGENITA | M37: 0 | N37: =M37/947*1000 -> 0 | O37: 2 | P37: =O37/932*1000 -> 2.1459227 | Q37: 0 | R37: =Q37/901*1000 -> 0 | S37: 1 | T37: =S37/873*1000 -> 1.1454754 | U37: 1 | V37: =U37/889*1000 -> 1.1248594 | W37: 0 | X37: =W37/387*1000 -> 0 | Y37: =((M37+O37+Q37+S37)/4) -> 0.75 | Z37: =((N37+P37+R37+T37)/4) -> 0.82284953 | AA37: =((S37+U37)/2) -> 1 | AB37: =(V37+X37)/2 -> 0.5624297 | AC37: SIVIGILA
L38: TASA DE ENFERMEDAD TRASMITIDA POR ALIMENTOS | M38: 1 | N38: =M38/C7*10000 -> 0.11174058 | O38: 5 | P38: =O38/E7*10000 -> 0.52489581 | Q38: 7 | R38: =Q38/E7*10000 -> 0.73485413 | S38: 15 | T38: =S38/F7*10000 -> 1.5237553 | U38: 15 | V38: =U38/G7*10000 -> 1.4766396 | W38: 5 | X38: =W38/H7*10000 -> 0.47802061 | Y38: =((M38+O38+Q38+S38)/4) -> 7 | Z38: =((N38+P38+R38+T38)/4) -> 0.72381147 | AA38: =((S38+U38)/2) -> 15 | AB38: =(V38+X38)/2 -> 0.97733009 | AC38: SIVIGILA
L39: TASA DE VIOLENCIA INTRAFAMILIAR Y DE GENERO INFANTIL NNAJ (0 a 19 años) | M39: 69 | N39: =M39/C17*10000 -> 24.571775 | O39: 65 | P39: =O39/D17*10000 -> 22.531891 | Q39: 105 | R39: =Q39/E17*100000 -> 356.87581 | S39: 125 | T39: =S39/F17*100000 -> 417.45984 | U39: 241 | V39: =U39/G17*100000 -> 857.74282 | W39: 139 | X39: =W39/H17*100000 -> 487.46274 | Y39: =((M39+O39+Q39+S39)/4) -> 91 | Z39: =((N39+P39+R39+T39)/4) -> 205.35983 | AA39: =((S39+U39)/2) -> 183 | AB39: =(V39+X39)/2 -> 672.60278 | AC39: SIVIGILA
L40: TASA DE VIOLENCIA SEXUAL | M40: 33 | N40: =M40/C7*100000 -> 36.874392 | O40: 19 | P40: =O40/D7*100000 -> 20.579475 | Q40: 60 | R40: =Q40/E7*100000 -> 62.987497 | S40: 74 | T40: =S40/F7*100000 -> 75.17193 | U40: 120 | V40: =U40/G7*100000 -> 118.13116 | W40: 63 | X40: =W40/H7*100000 -> 60.230597 | Y40: =((M40+O40+Q40+S40)/4) -> 46.5 | Z40: =((N40+P40+R40+T40)/4) -> 48.903324 | AA40: =((S40+U40)/2) -> 97 | AB40: =(V40+X40)/2 -> 89.180881 | AC40: SIVIGILA
L41: TASA DE APAPTVR | M41: 333 | N41: =M41/C7*10000 -> 37.209614 | O41: 365 | P41: =O41/D7*10000 -> 39.534254 | Q41: 467 | R41: =Q41/E7*10000 -> 49.025268 | S41: 447 | T41: =S41/F7*10000 -> 45.407909 | U41: 546 | V41: =U41/G7*10000 -> 53.74968 | W41: 277 | X41: =W41/H7*10000 -> 26.482342 | Y41: =((M41+O41+Q41+S41)/4) -> 403 | Z41: =((N41+P41+R41+T41)/4) -> 42.794261 | AA41: =((S41+U41)/2) -> 496.5 | AB41: =(V41+X41)/2 -> 40.116011 | AC41: SIVIGILA
L42: TASA DE VARICELA | M42: 27 | N42: =M42/C7*10000 -> 3.0169957 | O42: 17 | P42: =O42/D7*10000 -> 1.8413214 | Q42: 65 | R42: =Q42/E7*10000 -> 6.8236455 | S42: 81 | T42: =S42/F7*10000 -> 8.2282789 | U42: 78 | V42: =U42/G7*10000 -> 7.6785257 | W42: 43 | X42: =W42/H7*10000 -> 4.1109773 | Y42: =((M42+O42+Q42+S42)/4) -> 47.5 | Z42: =((N42+P42+R42+T42)/4) -> 4.9775604 | AA42: =((S42+U42)/2) -> 79.5 | AB42: =(V42+X42)/2 -> 5.8947515 | AC42: SIVIGILA
L43: TASA DE VIOLENCIA DE PAREJA | M43: 91 | N43: =M43/C16*10000 -> 12.61541 | O43: 169 | P43: =O43/D16*10000 -> 22.484467 | Q43: 204 | R43: =Q43/E16*100000 -> 262.64629 | S43: 267 | T43: =S43/F16*100000 -> 333.62906 | U43: 411 | V43: =U43/G16*100000 -> 519.04425 | W43: 193 | X43: =W43/H16*100000 -> 235.83177 | Y43: =((M43+O43+Q43+S43)/4) -> 182.75 | Z43: =((N43+P43+R43+T43)/4) -> 157.84381 | AA43: =((S43+U43)/2) -> 339 | AB43: =(V43+X43)/2 -> 377.43801 | AC43: SIVIGILA
L44: MORTALIDAD CARDIOCIRCULATORIA | M44: 83 | N44: =M44/C7*100000 -> 92.744684 | O44: 113 | P44: =O44/D7*100000 -> 122.39372 | Q44: 129 | R44: =Q44/E7*100000 -> 135.42312 | S44: 88 | T44: =S44/F7*100000 -> 89.393647 | U44: 106 | V44: =U44/G7*100000 -> 104.3492 | W44: 49 | X44: =W44/H7*100000 -> 46.84602 | Y44: =((M44+O44+Q44+S44)/4) -> 103.25 | Z44: =((N44+P44+R44+T44)/4) -> 109.98879 | AA44: =((S44+U44)/2) -> 97 | AB44: =(V44+X44)/2 -> 75.597608 | AC44: SIVIGILA
L45: COBERTURA DE ATENCION INSTITUCIONAL DEL PARTO POR MEDICO | M45: 889 | N45: =M45/M4*100 -> 99.775533 | O45: 889 | P45: =O45/O4*100 -> 99.88764 | Q45: 866 | R45: =Q45/Q4*100 -> 99.654776 | S45: 843 | T45: =S45/S4*100 -> 100.11876 | U45: 863 | V45: =U45/U4*100 -> 100.46566 | W45: 372 | X45: =W45/W4*100 -> 100 | Y45: =((M45+O45+Q45+S45)/4) -> 871.75 | Z45: =((N45+P45+R45+T45)/4) -> 99.859178 | AA45: =((S45+U45)/2) -> 853 | AB45: =(V45+X45)/2 -> 100.23283 | AC45: DANE RUAF
L46: ATENCION DE PARTO CON 4 O MAS CONTROLES | M46: 770 | N46: =M46/M4*100 -> 86.419753 | O46: 805 | P46: =O46/O4*100 -> 90.449438 | Q46: 808 | R46: =Q46/Q4*100 -> 92.980437 | S46: 784 | T46: =S46/S4*100 -> 93.111639 | U46: 819 | V46: =U46/U4*100 -> 95.343423 | W46: 350 | X46: =W46/W4*100 -> 94.086022 | Y46: =((M46+O46+Q46+S46)/4) -> 791.75 | Z46: =((N46+P46+R46+T46)/4) -> 90.740317 | AA46: =((S46+U46)/2) -> 801.5 | AB46: =(V46+X46)/2 -> 94.714722 | AC46: DANE RUAF
L47: TASA DE ENFERMEDADES HUERFANAS | M47: 29 | N47: =M47/C7*100000 -> 32.404769 | O47: 22 | P47: =O47/D7*100000 -> 23.828865 | Q47: 28 | R47: =Q47/E7*100000 -> 29.394165 | S47: 26 | T47: =S47/F7*100000 -> 26.411759 | U47: 25 | V47: =U47/G7*100000 -> 24.610659 | W47: 12 | X47: =W47/H7*100000 -> 11.472495 | Y47: =((M47+O47+Q47+S47)/4) -> 26.25 | Z47: =((N47+P47+R47+T47)/4) -> 28.00989 | AA47: =((S47+U47)/2) -> 25.5 | AB47: =(V47+X47)/2 -> 18.041577 | AC47: SIVIGILA
L48: TASA DE MORTALIDAD ENFERMEDAD HIPERTENSIVA | M48: 11 | N48: =M48/C7*100000 -> 12.291464 | O48: 17 | P48: =O48/D7*100000 -> 18.413214 | Q48: 20 | R48: =Q48/E7*100000 -> 20.995832 | S48: 14 | T48: =S48/F7*100000 -> 14.221717 | U48: 13 | V48: =U48/G7*100000 -> 12.797543 | W48: 20 | X48: =W48/H7*100000 -> 19.120824 | Y48: =((M48+O48+Q48+S48)/4) -> 15.5 | Z48: =((N48+P48+R48+T48)/4) -> 16.480557 | AA48: =((S48+U48)/2) -> 13.5 | AB48: =(V48+X48)/2 -> 15.959184 | AC48: DANE
L49: TASA DE MORTALIDAD POR DIABETES | M49: 12 | N49: =M49/C7*100000 -> 13.40887 | O49: 8 | P49: =O49/D7*100000 -> 8.665042 | Q49: 13 | R49: =Q49/E7*100000 -> 13.647291 | S49: 9 | T49: =S49/F7*100000 -> 9.1425321 | U49: 16 | V49: =U49/G7*100000 -> 15.750822 | W49: 6 | X49: =W49/H7*100000 -> 5.7362473 | Y49: =((M49+O49+Q49+S49)/4) -> 10.5 | Z49: =((N49+P49+R49+T49)/4) -> 11.215934 | AA49: =((S49+U49)/2) -> 12.5 | AB49: =(V49+X49)/2 -> 10.743535 | AC49: DANE
L50: INCIDENCIA DE LA HEPATITIS B | M50: 3 | N50: =M50/C7*100000 -> 3.3522175 | O50: 3 | P50: =O50/D7*100000 -> 3.2493907 | Q50: 5 | R50: =Q50/E7*100000 -> 5.2489581 | S50: 14 | T50: =S50/F7*100000 -> 14.221717 | U50: 8 | V50: =U50/G7*100000 -> 7.875411 | W50: 2 | X50: =W50/H7*100000 -> 1.9120824 | Y50: =((M50+O50+Q50+S50)/4) -> 6.25 | Z50: =((N50+P50+R50+T50)/4) -> 6.5180707 | AA50: =((S50+U50)/2) -> 11 | AB50: =(V50+X50)/2 -> 4.8937467 | AC50: SIVIGILA
L51: TASA DE INCIDENCIA DE MALARIA | M51: 0 | N51: =M51/C7*100000 -> 0 | O51: 1 | P51: =O51/D7*100000 -> 1.0831302 | Q51: 2 | R51: =Q51/E7*100000 -> 2.0995832 | S51: 9 | T51: =S51/F7*100000 -> 9.1425321 | U51: 1 | V51: =U51/G7*100000 -> 0.98442637 | W51: 1 | X51: =W51/H7*100000 -> 0.95604122 | Y51: =((M51+O51+Q51+S51)/4) -> 3 | Z51: =((N51+P51+R51+T51)/4) -> 3.0813114 | AA51: =((S51+U51)/2) -> 5 | AB51: =(V51+X51)/2 -> 0.9702338 | AC51: SIVIGILA
L52: TASA DE INCIDENCIA DE TUBERCULOSIS | M52: 6 | N52: =M52/C7*100000 -> 6.704435 | O52: 4 | P52: =O52/D7*100000 -> 4.332521 | Q52: 15 | R52: =Q52/E7*100000 -> 15.746874 | S52: 26 | T52: =S52/F7*100000 -> 26.411759 | U52: 15 | V52: =U52/G7*100000 -> 14.766396 | W52: 4 | X52: =W52/H7*100000 -> 3.8241649 | Y52: =((M52+O52+Q52+S52)/4) -> 12.75 | Z52: =((N52+P52+R52+T52)/4) -> 13.298897 | AA52: =((S52+U52)/2) -> 20.5 | AB52: =(V52+X52)/2 -> 9.2952803 | AC52: SIVIGILA
L53: TASA DE MORTALIDAD POR CANCER INFANTIL | M53: 1 | N53: =M53/C17*100000 -> 3.5611267 | O53: 0 | P53: =O53/D17*100000 -> 0 | Q53: 2 | R53: =Q53/E17*100000 -> 6.7976344 | S53: 2 | T53: =S53/F17*100000 -> 6.6793574 | U53: 0 | V53: =U53/G17*100000 -> 0 | W53: 1 | X53: =W53/H17*100000 -> 3.5069262 | Y53: =((M53+O53+Q53+S53)/4) -> 1.25 | Z53: =((N53+P53+R53+T53)/4) -> 4.2595297 | AA53: =((S53+U53)/2) -> 1 | AB53: =(V53+X53)/2 -> 1.7534631 | AC53: DANE
L54: TASA DE MORTALIDAD PREMATURA POR DIABETES | M54: 2 | N54: =M54/C19*100000 -> 3.450358 | O54: 0 | P54: =O54/D19*100000 -> 0 | Q54: 2 | R54: =Q54/E19*100000 -> 3.2004609 | S54: 0 | T54: =S54/F19*100000 -> 0 | U54: 0 | V54: =U54/G19*100000 -> 0 | W54: 1 | X54: =W54/H19*100000 -> 1.4914688 | Y54: =((M54+O54+Q54+S54)/4) -> 1 | Z54: =((N54+P54+R54+T54)/4) -> 1.6627047 | AA54: =((S54+U54)/2) -> 0 | AB54: =(V54+X54)/2 -> 0.7457344 | AC54: DANE
L55: TASA DE MORTALIDAD PREMATURA POR CANCER | M55: 33 | N55: =M55/C19*100000 -> 56.930907 | O55: 35 | P55: =O55/D19*100000 -> 57.885684 | Q55: 33 | R55: =Q55/E19*100000 -> 52.807604 | S55: 38 | T55: =S55/F19*100000 -> 60.149424 | U55: 36 | V55: =U55/G19*100000 -> 55.412748 | W55: 20 | X55: =W55/H19*100000 -> 29.829376 | Y55: =((M55+O55+Q55+S55)/4) -> 34.75 | Z55: =((N55+P55+R55+T55)/4) -> 56.943405 | AA55: =((S55+U55)/2) -> 37 | AB55: =(V55+X55)/2 -> 42.621062 | AC55: DANE
L56: TASA DE LETALIDAD POR DENGUE | M56: 0 | N56: =M56/C7*100000 -> 0 | O56: 0 | P56: =O56/D7*100000 -> 0 | Q56: 0 | R56: =Q56/E7*100000 -> 0 | S56: 0 | T56: =S56/F7*100000 -> 0 | U56: 0 | V56: =U56/G7*100000 -> 0 | W56: 0 | X56: =W56/H7*100000 -> 0 | Y56: =((M56+O56+Q56+S56)/4) -> 0 | Z56: =((N56+P56+R56+T56)/4) -> 0 | AA56: =((S56+U56)/2) -> 0 | AB56: =(V56+X56)/2 -> 0 | AC56: DANE
L57: PORCENTAJE DE TRASMISION MATERNO INFANTIL DE HEPATITIS B | M57: 0 | N57: =M57/M4*100000 -> 0 | O57: 0 | P57: =O57/O4*100000 -> 0 | Q57: 0 | R57: =Q57/Q4*100000 -> 0 | S57: 0 | T57: =S57/S4*100000 -> 0 | U57: 0 | V57: =U57/U4*100000 -> 0 | W57: 0 | X57: =W57/W4*100000 -> 0 | Y57: =((M57+O57+Q57+S57)/4) -> 0 | Z57: =((N57+P57+R57+T57)/4) -> 0 | AA57: =((S57+U57)/2) -> 0 | AB57: =(V57+X57)/2 -> 0 | AC57: SIVIGILA
L58: TASA DE MORTALIDAD POR CANCER | M58: 83 | N58: =M58/C7*100000 -> 92.744684 | O58: 91 | P58: =O58/D7*100000 -> 98.564852 | Q58: 118 | R58: =Q58/E7*100000 -> 123.87541 | S58: 105 | T58: =S58/F7*100000 -> 106.66287 | U58: 100 | V58: =U58/G7*100000 -> 98.442637 | W58: 48 | X58: =W58/H7*100000 -> 45.889979 | Y58: =((M58+O58+Q58+S58)/4) -> 99.25 | Z58: =((N58+P58+R58+T58)/4) -> 105.46196 | AA58: =((S58+U58)/2) -> 102.5 | AB58: =(V58+X58)/2 -> 72.166308 | AC58: DANE
L59: TASA DE MORTALIDAD POR TUBERCULOSIS | M59: 0 | N59: =M59/C7*100000 -> 0 | O59: 1 | P59: =O59/D7*100000 -> 1.0831302 | Q59: 0 | R59: =Q59/E7*100000 -> 0 | S59: 1 | T59: =S59/F7*100000 -> 1.0158369 | U59: 0 | V59: =U59/G7*100000 -> 0 | W59: 0 | X59: =W59/H7*100000 -> 0 | Y59: =((M59+O59+Q59+S59)/4) -> 0.5 | Z59: =((N59+P59+R59+T59)/4) -> 0.52474179 | AA59: =((S59+U59)/2) -> 0.5 | AB59: =(V59+X59)/2 -> 0 | AC59: DANE
L60: TASA DE INCIDENCIA DE CANCER INFANTIL (MENOR DE 19 AÑOS) | M60: 0 | N60: =M60/C17*100000 -> 0 | O60: 8 | P60: =O60/D17*100000 -> 27.731559 | Q60: 5 | R60: =Q60/E17*100000 -> 16.994086 | S60: 6 | T60: =S60/F17*100000 -> 20.038072 | U60: 5 | V60: =U60/G17*100000 -> 17.795494 | W60: 6 | X60: =W60/H17*100000 -> 21.041557 | Y60: =((M60+O60+Q60+S60)/4) -> 4.75 | Z60: =((N60+P60+R60+T60)/1) -> 64.763717 | AA60: =((S60+U60)/2) -> 5.5 | AB60: =(V60+X60)/2 -> 19.418526 | AC60: SIVIGILA
L61: TASA DE EDA HASTA 5 AÑOS | M61: 782 | N61: =M61/C15*1000 -> 110.09433 | O61: 529 | P61: =O61/D15*1000 -> 72.277634 | Q61: 1117 | R61: =Q61/E15*1000 -> 149.89265 | S61: 695 | T61: =S61/F15*1000 -> 102.19085 | U61: 1064 | V61: =U61/G15*1000 -> 155.92028 | W61: 554 | X61: =W61/H23*1000 -> 66.755031 | Y61: =((M61+O61+Q61+S61)/1) -> 3123 | Z61: =((N61+P61+R61+T61)/1) -> 434.45546 | AA61: =((S61+U61)/2) -> 879.5 | AB61: =(V61+X61)/2 -> 111.33766 | AC61: SIVIGILA
L62: TASA DE IRA HASTA 5 AÑOS | M62: 1139 | N62: =M62/C15*1000 -> 160.35478 | O62: 1812 | P62: =O62/D15*1000 -> 247.57481 | Q62: 4659 | R62: =Q62/E15*1000 -> 625.20129 | S62: 4530 | T62: =S62/F15*1000 -> 666.07852 | U62: 4923 | V62: =U62/G15*1000 -> 721.42438 | W62: 2175 | X62: =W62/H15*1000 -> 318.40141 | Y62: =((M62+O62+Q62+S62)/1) -> 12140 | Z62: =((N62+P62+R62+T62)/1) -> 1699.2094 | AA62: =((S62+U62)/2) -> 4726.5 | AB62: =(V62+X62)/2 -> 519.91289 | AC62: SIVIGILA
L63: TASA DE VIOLENCIA DE PAREJA EN POBLACION A Y J | M63: 5 | N63: =M63/C17*100000 -> 17.805634 | O63: 10 | P63: =O63/D17*100000 -> 34.664448 | Q63: 9 | R63: =Q63/E17*100000 -> 30.589355 | S63: 15 | T63: =S63/F17*100000 -> 50.095181 | U63: 34 | V63: =U63/G17*100000 -> 121.00936 | W63: 17 | X63: =W63/H17*100000 -> 59.617745 | Y63: =((M63+O63+Q63+S63)/1) -> 39 | Z63: =((N63+P63+R63+T63)/1) -> 133.15462 | AA63: =((S63+U63)/2) -> 24.5 | AB63: =(V63+X63)/2 -> 90.313553 | AC63: SIVIGILA
L64: TASA DE MORTALIDAD POR CAUSA EXTERNA EN NNAJ | M64: 1 | N64: =M64/C17*100000 -> 3.5611267 | O64: 1 | P64: =O64/D17*100000 -> 3.4664448 | Q64: 0 | R64: =Q64/E17*100000 -> 0 | S64: 2 | T64: =S64/F17*100000 -> 6.6793574 | U64: 0 | V64: =U64/G17*100000 -> 0 | W64: 1 | X64: =W64/H17*100000 -> 3.5069262 | Y64: =((M64+O64+Q64+S64)/1) -> 4 | Z64: =((N64+P64+R64+T64)/1) -> 13.706929 | AA64: =((S64+U64)/2) -> 1 | AB64: =(V64+X64)/2 -> 1.7534631 | AC64: DANE - EEVV
L65: TASA DE INTENCION SUICIDA EN NNAJ | M65: 8 | N65: =M65/C17*100000 -> 28.489014 | O65: 6 | P65: =O65/D17*100000 -> 20.798669 | Q65: 20 | R65: =Q65/E17*100000 -> 67.976344 | S65: 37 | T65: =S65/F17*100000 -> 123.56811 | U65: 50 | V65: =U65/G17*100000 -> 177.95494 | W65: 27 | X65: =W65/H17*100000 -> 94.687007 | Y65: =((M65+O65+Q65+S65)/1) -> 71 | Z65: =((N65+P65+R65+T65)/1) -> 240.83214 | AA65: =((S65+U65)/2) -> 43.5 | AB65: =(V65+X65)/2 -> 136.32097 | AC65: SIVIGILA
L66: TASA DE VIOLENCIA SEXUAL EN NNAJ | M66: 11 | N66: =M66/C17*100000 -> 39.172394 | O66: 9 | P66: =O66/D17*100000 -> 31.198003 | Q66: 18 | R66: =Q66/E17*100000 -> 61.17871 | S66: 68 | T66: =S66/F17*100000 -> 227.09815 | U66: 98 | V66: =U66/G17*100000 -> 348.79169 | W66: 53 | X66: =W66/H17*100000 -> 185.86709 | Y66: =((M66+O66+Q66+S66)/1) -> 106 | Z66: =((N66+P66+R66+T66)/1) -> 358.64726 | AA66: =((S66+U66)/2) -> 83 | AB66: =(V66+X66)/2 -> 267.32939 | AC66: SIVIGILA
L67: TASA DE ENFERMEDADS HUERFANAS EN NNAJ | M67: 11 | N67: =M67/C17*100000 -> 39.172394 | O67: 10 | P67: =O67/D17*100000 -> 34.664448 | Q67: 13 | R67: =Q67/E17*100000 -> 44.184624 | S67: 10 | T67: =S67/F17*100000 -> 33.396787 | U67: 12 | V67: =U67/G17*100000 -> 42.709186 | W67: 5 | X67: =W67/H17*100000 -> 17.534631 | Y67: =((M67+O67+Q67+S67)/1) -> 44 | Z67: =((N67+P67+R67+T67)/1) -> 151.41825 | AA67: =((S67+U67)/2) -> 11 | AB67: =(V67+X67)/2 -> 30.121908 | AC67: SIVIGILA
L68: TASA DE INCIDENCIA DE CANCER DE MAMA | M68: 0 | N68: =M68/C11*100000 -> 0 | O68: 19 | P68: =O68/D11*100000 -> 37.767353 | Q68: 31 | R68: =Q68/E11*100000 -> 59.721045 | S68: 18 | T68: =S68/F11*100000 -> 33.711653 | U68: 19 | V68: =U68/G11*100000 -> 35.865297 | W68: 19 | X68: =W68/H11*100000 -> 34.828515 | Y68: =((M68+O68+Q68+S68)/2) -> 34 | Z68: =((N68+P68+R68+T68)/2) -> 65.600026 | AA68: =((S68+U68)/2) -> 18.5 | AB68: =(V68+X68)/2 -> 35.346906 | AC68: SIVIGILA
L69: TASA DE INCIDENCIA DE CANCER DE CERVIX | M69: 0 | N69: =M69/C11*100000 -> 0 | O69: 20 | P69: =O69/D11*100000 -> 39.755109 | Q69: 35 | R69: =Q69/E11*100000 -> 67.426986 | S69: 37 | T69: =S69/F11*100000 -> 69.296176 | U69: 19 | V69: =U69/G11*100000 -> 35.865297 | W69: 10 | X69: =W69/H11*100000 -> 18.330798 | Y69: =((M69+O69+Q69+S69)/2) -> 46 | Z69: =((N69+P69+R69+T69)/2) -> 88.239135 | AA69: =((S69+U69)/2) -> 28 | AB69: =(V69+X69)/2 -> 27.098048 | AC69: SIVIGILA
L70: TASA DE MORTALIDAD POR CANCER DE ESTOMAGO | M70: 9 | N70: =M70/C7*100000 -> 10.056652 | O70: 13 | P70: =O70/D7*100000 -> 14.080693 | Q70: 17 | R70: =Q70/E7*100000 -> 17.846457 | S70: 12 | T70: =S70/F7*100000 -> 12.190043 | U70: 10 | V70: =U70/G7*100000 -> 9.8442637 | W70: 4 | X70: =W70/H7*100000 -> 3.8241649 | Y70: =((M70+O70+Q70+S70)/1) -> 51 | Z70: =((N70+P70+R70+T70)/1) -> 54.173846 | AA70: =((S70+U70)/2) -> 11 | AB70: =(V70+X70)/2 -> 6.8342143 | AC70: DANE

Sheet CHIA
C1: MATRIZ DE INDICADRORES SALUD PÚBLICA | L1: Fuente de datos: ASIS municipal, oficina de epidemiología o vigilancia en salud publica de cada municipio.
B2: RECOMENDACIONES. TODOS LOS VALORES ESTAN FORMULADOS, Y SON FORMULACION ESTANDAR INTERNACIONAL. LA FUENTE DE POBLACION DE REFERENCIA ES DANE AJUSTE COVID 2021. EN ALGUNOS INDICADORES DEBE SUMAR MUERTES FETALES A NACIMIENTOS PARA AJUSTAR DENOMINADOR. LAS FUENTES UTILIZADAS SON LAS MAS RELEVANTES, SI POSEE OTRA FUENTE DE INFORMACION INCLUYALA Y MODIFIQUE LA FUENTE. | L2: INDICADOR | M2: CASOS 2020 | N2: VALOR DEL INDICADOR 2020 CORTE 31/12/2020 | O2: CASOS 2021 | P2: VALOR DEL INDICADOR 2021 corte 31/12/2021 mortalidad | Q2: CASOS 2022 | R2: VALOR DEL INDICADOR 2022 | S2: CASOS 2023 | T2: VALOR DEL INDICADOR 2023 31-12-2023 | U2: CASOS 2024 | V2: VALOR DEL INDICADOR 2024 preliminar 31-12-2024 | W2: CASOS 2025 | X2: VALOR DEL INDICADOR 2025 preliminar 24-06-2025 | Y2: VALOR PROMEDIO INDICADOR CUATRENIO ANTERIOR | Z2: VALOR PROMEDIO CASOS CUATRENIO ANTERIOR | AA2: VALOR PROMEDIO INDICADOR PERIODO 2024-2025 | AB2: VALOR PROMEDIO CASOS PERIODO ACTUAL 2024-2025 | AC2: FUENTE
L3: TASA DE MORTALIDAD | N3: =M3/C7*1000 -> #DIV/0! | P3: =O3/D7*1000 -> #DIV/0! | R3: =Q3/E7*1000 -> #DIV/0! | T3: =S3/F7*1000 -> #DIV/0! | V3: =U3/G7*1000 -> #DIV/0! | X3: =W3/H7*1000 -> #DIV/0! | Y3: =((M3+O3+Q3+S3)/4) -> 0 | Z3: =((N3+P3+R3+T3)/4) -> #DIV/0! | AA3: =((S3+U3)/2) -> 0 | AB3: =(V3+X3)/2 -> #DIV/0! | AC3: DANE
L4: TASA DE NATALIDAD | N4: =M4/C7*1000 -> #DIV/0! | P4: =O4/D7*1000 -> #DIV/0! | R4: =Q4/E7*1000 -> #DIV/0! | T4: =S4/F7*1000 -> #DIV/0! | V4: =U4/G7*1000 -> #DIV/0! | X4: =W4/H7*1000 -> #DIV/0! | Y4: =((M4+O4+Q4+S4)/4) -> 0 | Z4: =((N4+P4+R4+T4)/4) -> #DIV/0! | AA4: =((S4+U4)/2) -> 0 | AB4: =(V4+X4)/2 -> #DIV/0! | AC4: RUAF
B5: Columna1 | C5: AÑO 2020 | D5: AÑO 2021 | E5: AÑO 2022 | F5: AÑO 2023 | G5: AÑO 2024 | H5: AÑO 2025 | L5: RAZON DE MORTALIDAD MATERNA | N5: =M5/C12*100000 -> #DIV/0! | P5: =O5/D12*100000 -> #DIV/0! | R5: =Q5/E12*100000 -> #DIV/0! | T5: =S5/F12*100000 -> #DIV/0! | V5: =U5/G12*100000 -> #DIV/0! | X5: =W5/H12*100000 -> #DIV/0! | Y5: =((M5+O5+Q5+S5)/4) -> 0 | Z5: =((N5+P5+R5+T5)/4) -> #DIV/0! | AA5: =((S5+U5)/2) -> 0 | AB5: =(V5+X5)/2 -> #DIV/0! | AC5: DANE - RUAF
L6: RAZON DE MORTALIDAD FETAL | N6: =M6/M4*1000 -> #DIV/0! | P6: =O6/O4*1000 -> #DIV/0! | R6: =Q6/Q4*1000 -> #DIV/0! | T6: =S6/S4*1000 -> #DIV/0! | V6: =U6/U4*1000 -> #DIV/0! | X6: =W6/W4*1000 -> #DIV/0! | Y6: =((M6+O6+Q6+S6)/4) -> 0 | Z6: =((N6+P6+R6+T6)/4) -> #DIV/0! | AA6: =((S6+U6)/2) -> 0 | AB6: =(V6+X6)/2 -> #DIV/0! | AC6: DANE
B7: POBLACION TOTAL | L7: RAZON DE MORTALIDAD PERINATAL | Y7: =((M7+O7+Q7+S7)/4) -> 0 | Z7: =((N7+P7+R7+T7)/4) -> 0 | AA7: =((S7+U7)/2) -> 0 | AB7: =(V7+X7)/2 -> 0 | AC7: DANE - SIVIGILA
B8: POBLACION TOTAL CABECERA | L8: TASA DE MORTALIDAD POR DESNUTRICION < 5 AÑOS | N8: =M8/C15*1000 -> #DIV/0! | P8: =O8/D15*1000 -> #DIV/0! | R8: =Q8/E15*1000 -> #DIV/0! | T8: =S8/F15*1000 -> #DIV/0! | V8: =U8/G15*1000 -> #DIV/0! | X8: =W8/H15*1000 -> #DIV/0! | Y8: =((M8+O8+Q8+S8)/4) -> 0 | Z8: =((N8+P8+R8+T8)/4) -> #DIV/0! | AA8: =((S8+U8)/2) -> 0 | AB8: =(V8+X8)/2 -> #DIV/0! | AC8: DANE - SIVIGILA
B9: POBLACION TOTAL RURAL DISPERSA | L9: TASA DE MORTALIDAD BRUTA POR CAUSA EXTERNA | N9: =M9/C7*100000 -> #DIV/0! | P9: =O9/D7*100000 -> #DIV/0! | R9: =Q9/E7*100000 -> #DIV/0! | T9: =S9/F7*100000 -> #DIV/0! | V9: =U9/G7*100000 -> #DIV/0! | X9: =W9/H7*100000 -> #DIV/0! | Y9: =((M9+O9+Q9+S9)/4) -> 0 | Z9: =((N9+P9+R9+T9)/4) -> #DIV/0! | AA9: =((S9+U9)/2) -> 0 | AB9: =(V9+X9)/2 -> #DIV/0! | AC9: DANE
B10: POBLACION MASCULINA | L10: TASA DE MORTALIDAD POR IRA < 5 AÑOS | N10: =M10/C15*100000 -> #DIV/0! | P10: =O10/D15*100000 -> #DIV/0! | R10: =Q10/E15*100000 -> #DIV/0! | T10: =S10/F15*100000 -> #DIV/0! | V10: =U10/G15*100000 -> #DIV/0! | X10: =W10/H15*100000 -> #DIV/0! | Y10: =((M10+O10+Q10+S10)/4) -> 0 | Z10: =((N10+P10+R10+T10)/4) -> #DIV/0! | AA10: =((S10+U10)/2) -> 0 | AB10: =(V10+X10)/2 -> #DIV/0! | AC10: DANE
B11: POBLACION FEMENINA | L11: TASA DE MORTALIDAD POR EDA < 5 AÑOS | N11: =M11/C15*100000 -> #DIV/0! | P11: =O11/D16*100000 -> #DIV/0! | R11: =Q11/F16*100000 -> #DIV/0! | T11: =S11/F15*100000 -> #DIV/0! | V11: =U11/G15*100000 -> #DIV/0! | X11: =W11/H15*100000 -> #DIV/0! | Y11: =((M11+O11+Q11+S11)/4) -> 0 | Z11: =((N11+P11+R11+T11)/4) -> #DIV/0! | AA11: =((S11+U11)/2) -> 0 | AB11: =(V11+X11)/2 -> #DIV/0! | AC11: DANE
B12: NACIMIENTOS | L12: TASA BRUTA DE VIOLENCIA INTRAFAMILIAR | N12: =M12/C7*100000 -> #DIV/0! | P12: =O12/D7*100000 -> #DIV/0! | R12: =Q12/E7*100000 -> #DIV/0! | T12: =S12/F7*100000 -> #DIV/0! | V12: =U12/G7*100000 -> #DIV/0! | X12: =W12/H7*100000 -> #DIV/0! | Y12: =((M12+O12+Q12+S12)/4) -> 0 | Z12: =((N12+P12+R12+T12)/4) -> #DIV/0! | AA12: =((S12+U12)/2) -> 0 | AB12: =(V12+X12)/2 -> #DIV/0! | AC12: SIVIGILA
B13: DEFUNCIONES | L13: TASA DE VIOLENCIA DE GENERO FEMENINA | N13: =M13/C11*100000 -> #DIV/0! | P13: =O13/D11*100000 -> #DIV/0! | R13: =Q13/E11*100000 -> #DIV/0! | T13: =S13/F11*100000 -> #DIV/0! | V13: =U13/G11*100000 -> #DIV/0! | X13: =W13/H11*100000 -> #DIV/0! | Y13: =((M13+O13+Q13+S13)/4) -> 0 | Z13: =((N13+P13+R13+T13)/4) -> #DIV/0! | AA13: =((S13+U13)/2) -> 0 | AB13: =(V13+X13)/2 -> #DIV/0! | AC13: SIVIGILA
B14: POBLACION MENOR 1 AÑO | L14: TASA DE MORTALIDAD INFANTIL | N14: =M14/M4*1000 -> #DIV/0! | P14: =O14/O4*1000 -> #DIV/0! | R14: =Q14/Q4*1000 -> #DIV/0! | T14: =S14/S4*1000 -> #DIV/0! | V14: =U14/U4*1000 -> #DIV/0! | X14: =W14/W4*1000 -> #DIV/0! | Y14: =((M14+O14+Q14+S14)/4) -> 0 | Z14: =((N14+P14+R14+T14)/4) -> #DIV/0! | AA14: =((S14+U14)/2) -> 0 | AB14: =(V14+X14)/2 -> #DIV/0! | AC14: DANE
B15: POBLACION MENOR 5 AÑOS | L15: TASA DE MORTALIDAD INFANTIL < 5 AÑOS | N15: =M15/C15*100000 -> #DIV/0! | P15: =O15/D15*100000 -> #DIV/0! | R15: =Q15/E15*100000 -> #DIV/0! | T15: =S15/F15*100000 -> #DIV/0! | V15: =U15/G15*100000 -> #DIV/0! | X15: =W15/H15*100000 -> #DIV/0! | Y15: =((M15+O15+Q15+S15)/4) -> 0 | Z15: =((N15+P15+R15+T15)/4) -> #DIV/0! | AA15: =((S15+U15)/2) -> 0 | AB15: =(V15+X15)/2 -> #DIV/0! | AC15: DANE
B16: POBLACION MAYOR 15 AÑOS | L16: PROPORCION DE BAJO PESO AL NACER | N16: =M16/M4*100 -> #DIV/0! | P16: =O16/O4*100 -> #DIV/0! | R16: =Q16/Q4*100 -> #DIV/0! | T16: =S16/S4*100 -> #DIV/0! | V16: =U16/U4*100 -> #DIV/0! | X16: =W16/W4*100 -> #DIV/0! | Y16: =((M16+O16+Q16+S16)/4) -> 0 | Z16: =((N16+P16+R16+T16)/4) -> #DIV/0! | AA16: =((S16+U16)/2) -> 0 | AB16: =(V16+X16)/2 -> #DIV/0! | AC16: RUAF
B17: POBLACION MENOR 19 AÑOS | L17: PROPORCION DE BAJO PESO AL NACER A TERMINO | N17: =M17/M4*100 -> #DIV/0! | P17: =O17/O4*100 -> #DIV/0! | R17: =Q17/Q4*100 -> #DIV/0! | T17: =S17/S4*100 -> #DIV/0! | V17: =U17/U4*100 -> #DIV/0! | X17: =W17/W4*100 -> #DIV/0! | Y17: =((M17+O17+Q17+S17)/4) -> 0 | Z17: =((N17+P17+R17+T17)/4) -> #DIV/0! | AA17: =((S17+U17)/2) -> 0 | AB17: =(V17+X17)/2 -> #DIV/0! | AC17: RUAF
B18: POBLACION MENOR 65 AÑOS | L18: TASA DE DESNUTRICION AGUDA < 5 AÑOS | N18: =M18/C15*1000 -> #DIV/0! | P18: =O18/D15*1000 -> #DIV/0! | R18: =Q18/E15*1000 -> #DIV/0! | T18: =S18/F15*1000 -> #DIV/0! | V18: =U18/G15*1000 -> #DIV/0! | X18: =W18/H15*1000 -> #DIV/0! | Y18: =((M18+O18+Q18+S18)/4) -> 0 | Z18: =((N18+P18+R18+T18)/4) -> #DIV/0! | AA18: =((S18+U18)/2) -> 0 | AB18: =(V18+X18)/2 -> #DIV/0! | AC18: SIVIGILA
B19: POBLACION 20 A 65 | L19: PROPORCION DE EMBARAZO EN ADOLESCENTE | N19: =M19/M4*100 -> #DIV/0! | P19: =O19/O4*100 -> #DIV/0! | R19: =Q19/Q4*100 -> #DIV/0! | T19: =S19/S4*100 -> #DIV/0! | V19: =U19/U4*100 -> #DIV/0! | X19: =W19/W4*100 -> #DIV/0! | Y19: =((M19+O19+Q19+S19)/4) -> 0 | Z19: =((N19+P19+R19+T19)/4) -> #DIV/0! | AA19: =((S19+U19)/2) -> 0 | AB19: =(V19+X19)/2 -> #DIV/0! | AC19: RUAF
B20: POBLACION MUJERES 10 A 14 | L20: TASA DE FECUNDIDAD 10 A 14 AÑOS | N20: =M20/C20*1000 -> #DIV/0! | P20: =O20/D20*1000 -> #DIV/0! | R20: =Q20/E20*1000 -> #DIV/0! | T20: =S20/F20*1000 -> #DIV/0! | V20: =U20/G20*1000 -> #DIV/0! | X20: =W20/H20*1000 -> #DIV/0! | Y20: =((M20+O20+Q20+S20)/4) -> 0 | Z20: =((N20+P20+R20+T20)/4) -> #DIV/0! | AA20: =((S20+U20)/2) -> 0 | AB20: =(V20+X20)/2 -> #DIV/0! | AC20: RUAF
B21: POBLACION MUJERES 15 A 19 | L21: TASA DE FECUNDIDAD 15 A 19 AÑOS | N21: =M21/C21*1000 -> #DIV/0! | P21: =O21/D21*1000 -> #DIV/0! | R21: =Q21/E21*1000 -> #DIV/0! | T21: =S21/F21*1000 -> #DIV/0! | V21: =U21/G21*1000 -> #DIV/0! | X21: =W21/H21*1000 -> #DIV/0! | Y21: =((M21+O21+Q21+S21)/4) -> 0 | Z21: =((N21+P21+R21+T21)/4) -> #DIV/0! | AA21: =((S21+U21)/2) -> 0 | AB21: =(V21+X21)/2 -> #DIV/0! | AC21: RUAF
B22: POBLACION MUJERES EN EDAD FERTIL | L22: TASA DE MORTALIDAD POR ACCIDENTE DE TRANSITO | N22: =M22/C7*100000 -> #DIV/0! | P22: =O22/D7*100000 -> #DIV/0! | R22: =Q22/E7*100000 -> #DIV/0! | T22: =S22/F7*100000 -> #DIV/0! | V22: =U22/G7*100000 -> #DIV/0! | X22: =W22/H7*100000 -> #DIV/0! | Y22: =((M22+O22+Q22+S22)/4) -> 0 | Z22: =((N22+P22+R22+T22)/4) -> #DIV/0! | AA22: =((S22+U22)/2) -> 0 | AB22: =(V22+X22)/2 -> #DIV/0! | AC22: DANE
B23: POBLACION 0 A 5 AÑOS | L23: TASA DE MORTALIDAD POR SUICIDIO | N23: =M23/C7*100000 -> #DIV/0! | P23: =O23/D7*100000 -> #DIV/0! | R23: =Q23/E7*100000 -> #DIV/0! | T23: =S23/F7*100000 -> #DIV/0! | V23: =U23/G7*100000 -> #DIV/0! | X23: =W23/H7*100000 -> #DIV/0! | Y23: =((M23+O23+Q23+S23)/4) -> 0 | Z23: =((N23+P23+R23+T23)/4) -> #DIV/0! | AA23: =((S23+U23)/2) -> 0 | AB23: =(V23+X23)/2 -> #DIV/0! | AC23: DANE
B24: POBLACION 6 A 11 AÑOS | L24: TASA DE MORTALIDAD POR HOMICIDIO | N24: =M24/C7*100000 -> #DIV/0! | P24: =O24/D7*100000 -> #DIV/0! | R24: =Q24/E7*100000 -> #DIV/0! | T24: =S24/F7*100000 -> #DIV/0! | V24: =U24/G7*100000 -> #DIV/0! | X24: =W24/H7*100000 -> #DIV/0! | Y24: =((M24+O24+Q24+S24)/4) -> 0 | Z24: =((N24+P24+R24+T24)/4) -> #DIV/0! | AA24: =((S24+U24)/2) -> 0 | AB24: =(V24+X24)/2 -> #DIV/0! | AC24: DANE
B25: POBLACION 12 A 17 AÑOS | L25: TASA DE INTENCION SUICIDA | N25: =M25/C7*100000 -> #DIV/0! | P25: =O25/D7*100000 -> #DIV/0! | R25: =Q25/E7*100000 -> #DIV/0! | T25: =S25/F7*100000 -> #DIV/0! | V25: =U25/G7*100000 -> #DIV/0! | X25: =W25/H7*100000 -> #DIV/0! | Y25: =((M25+O25+Q25+S25)/4) -> 0 | Z25: =((N25+P25+R25+T25)/4) -> #DIV/0! | AA25: =((S25+U25)/2) -> 0 | AB25: =(V25+X25)/2 -> #DIV/0! | AC25: SIVIGILA
B26: POBLACION 18 A 28 AÑOS | L26: TASA DE MORTALIDAD PREMATURA (<65 AÑOS) | N26: =M26/C7*100000 -> #DIV/0! | P26: =O26/D7*100000 -> #DIV/0! | R26: =Q26/E7*100000 -> #DIV/0! | T26: =S26/F7*100000 -> #DIV/0! | V26: =U26/G7*100000 -> #DIV/0! | X26: =W26/H7*100000 -> #DIV/0! | Y26: =((M26+O26+Q26+S26)/4) -> 0 | Z26: =((N26+P26+R26+T26)/4) -> #DIV/0! | AA26: =((S26+U26)/2) -> 0 | AB26: =(V26+X26)/2 -> #DIV/0! | AC26: DANE
B27: POBLACION ADULTO MAYOR | L27: TASA DE MORTALIDAD POR CANCER DE CUELLO UTERINO | N27: =M27/C11*100000 -> #DIV/0! | P27: =O27/D11*100000 -> #DIV/0! | R27: =Q27/E11*100000 -> #DIV/0! | T27: =S27/F11*100000 -> #DIV/0! | V27: =U27/G11*100000 -> #DIV/0! | X27: =W27/H11*100000 -> #DIV/0! | Y27: =((M27+O27+Q27+S27)/4) -> 0 | Z27: =((N27+P27+R27+T27)/4) -> #DIV/0! | AA27: =((S27+U27)/2) -> 0 | AB27: =(V27+X27)/2 -> #DIV/0! | AC27: DANE
L28: TASA DE MORTALIDAD POR CANCER DE MAMA | N28: =M28/C11*100000 -> #DIV/0! | P28: =O28/D11*100000 -> #DIV/0! | R28: =Q28/E11*100000 -> #DIV/0! | T28: =S28/F11*100000 -> #DIV/0! | V28: =U28/G11*100000 -> #DIV/0! | X28: =W28/H11*100000 -> #DIV/0! | Y28: =((M28+O28+Q28+S28)/4) -> 0 | Z28: =((N28+P28+R28+T28)/4) -> #DIV/0! | AA28: =((S28+U28)/2) -> 0 | AB28: =(V28+X28)/2 -> #DIV/0! | AC28: DANE
L29: TASA DE MORTALIDAD POR CANCER DE PROSTATA | N29: =M29/C10*100000 -> #DIV/0! | P29: =O29/D10*100000 -> #DIV/0! | R29: =Q29/E10*100000 -> #DIV/0! | T29: =S29/F10*100000 -> #DIV/0! | V29: =U29/G10*100000 -> #DIV/0! | X29: =W29/H10*100000 -> #DIV/0! | Y29: =((M29+O29+Q29+S29)/4) -> 0 | Z29: =((N29+P29+R29+T29)/4) -> #DIV/0! | AA29: =((S29+U29)/2) -> 0 | AB29: =(V29+X29)/2 -> #DIV/0! | AC29: DANE
B30: MOMENTO CURSO DE VIDA | C30: AÑO 2020 | D30: AÑO 2021 | E30: AÑO 2022 | F30: AÑO 2023 | G30: AÑO 2024 | H30: AÑO 2025 | L30: TASA DE MORTALIDAD POR ENFERMEDADES TRASMISIBLES | N30: =M30/C7*100000 -> #DIV/0! | P30: =O30/D7*100000 -> #DIV/0! | R30: =Q30/E7*100000 -> #DIV/0! | T30: =S30/F7*100000 -> #DIV/0! | V30: =U30/G7*100000 -> #DIV/0! | X30: =W30/H7*100000 -> #DIV/0! | Y30: =((M30+O30+Q30+S30)/4) -> 0 | Z30: =((N30+P30+R30+T30)/4) -> #DIV/0! | AA30: =((S30+U30)/2) -> 0 | AB30: =(V30+X30)/2 -> #DIV/0! | AC30: DANE
B31: POBLACION PRIMERA INFANCIA | L31: TASA DE MORTALIDAD POR VIH | N31: =M31/C7*100000 -> #DIV/0! | P31: =O31/D7*100000 -> #DIV/0! | R31: =Q31/E7*100000 -> #DIV/0! | T31: =S31/F7*100000 -> #DIV/0! | V31: =U31/G7*100000 -> #DIV/0! | X31: =W31/H7*100000 -> #DIV/0! | Y31: =((M31+O31+Q31+S31)/4) -> 0 | Z31: =((N31+P31+R31+T31)/4) -> #DIV/0! | AA31: =((S31+U31)/2) -> 0 | AB31: =(V31+X31)/2 -> #DIV/0! | AC31: DANE
B32: POBLACIÓN INFANCIA | L32: PORCENTAJE DE PREVALENCIA VIH | N32: =M32/C7*100 -> #DIV/0! | P32: =O32/D7*100 -> #DIV/0! | R32: =Q32/E7*100 -> #DIV/0! | T32: =S32/F7*100 -> #DIV/0! | V32: =U32/G7*100 -> #DIV/0! | X32: =W32/H7*100 -> #DIV/0! | Y32: =((M32+O32+Q32+S32)/4) -> 0 | Z32: =((N32+P32+R32+T32)/4) -> #DIV/0! | AA32: =((S32+U32)/2) -> 0 | AB32: =(V32+X32)/2 -> #DIV/0! | AC32: SIVIGILA
B33: POBLACION ADOLESCENCIA | L33: TASA DE MORBILIDAD POR IRA | N33: =M33/C7*10000 -> #DIV/0! | P33: =O33/D7*10000 -> #DIV/0! | R33: =Q33/E7*10000 -> #DIV/0! | T33: =S33/F7*10000 -> #DIV/0! | V33: =U33/G7*10000 -> #DIV/0! | X33: =W33/H7*10000 -> #DIV/0! | Y33: =((M33+O33+Q33+S33)/4) -> 0 | Z33: =((N33+P33+R33+T33)/4) -> #DIV/0! | AA33: =((S33+U33)/2) -> 0 | AB33: =(V33+X33)/2 -> #DIV/0! | AC33: SIVIGILA
B34: POBLACIÓN JUVENTUD | L34: TASA DE MORBILIDAD POR EDA | N34: =M34/C7*10000 -> #DIV/0! | P34: =O34/D7*10000 -> #DIV/0! | R34: =Q34/E7*10000 -> #DIV/0! | T34: =S34/F7*10000 -> #DIV/0! | V34: =U34/G7*10000 -> #DIV/0! | X34: =W34/H7*10000 -> #DIV/0! | Y34: =((M34+O34+Q34+S34)/4) -> 0 | Z34: =((N34+P34+R34+T34)/4) -> #DIV/0! | AA34: =((S34+U34)/2) -> 0 | AB34: =(V34+X34)/2 -> #DIV/0! | AC34: SIVIGILA
B35: POBLACIÓN ADULTEZ | L35: RAZON DE MORBILIDAD MATERNA EXTREMA | N35: =M35/M4*1000 -> #DIV/0! | P35: =O35/O4*1000 -> #DIV/0! | R35: =Q35/Q4*1000 -> #DIV/0! | T35: =S35/S4*1000 -> #DIV/0! | V35: =U35/U4*1000 -> #DIV/0! | X35: =W35/W4*1000 -> #DIV/0! | Y35: =((M35+O35+Q35+S35)/4) -> 0 | Z35: =((N35+P35+R35+T35)/4) -> #DIV/0! | AA35: =((S35+U35)/2) -> 0 | AB35: =(V35+X35)/2 -> #DIV/0! | AC35: SIVIGILA
B36: POBLACIÓN VEJEZ | L36: TASA DE SIFILIS GESTACIONAL | N36: =M36/M4*1000 -> #DIV/0! | P36: =O36/O4*1000 -> #DIV/0! | R36: =Q36/Q4*1000 -> #DIV/0! | T36: =S36/S4*1000 -> #DIV/0! | V36: =U36/U4*1000 -> #DIV/0! | X36: =W36/W4*1000 -> #DIV/0! | Y36: =((M36+O36+Q36+S36)/4) -> 0 | Z36: =((N36+P36+R36+T36)/4) -> #DIV/0! | AA36: =((S36+U36)/2) -> 0 | AB36: =(V36+X36)/2 -> #DIV/0! | AC36: SIVIGILA
L37: TASA DE SIFILIS CONGENITA | Y37: =((M37+O37+Q37+S37)/4) -> 0 | Z37: =((N37+P37+R37+T37)/4) -> 0 | AA37: =((S37+U37)/2) -> 0 | AB37: =(V37+X37)/2 -> 0 | AC37: SIVIGILA
L38: TASA DE ENFERMEDAD TRASMITIDA POR ALIMENTOS | N38: =M38/C7*10000 -> #DIV/0! | P38: =O38/E7*10000 -> #DIV/0! | R38: =Q38/E7*10000 -> #DIV/0! | T38: =S38/F7*10000 -> #DIV/0! | V38: =U38/G7*10000 -> #DIV/0! | X38: =W38/H7*10000 -> #DIV/0! | Y38: =((M38+O38+Q38+S38)/4) -> 0 | Z38: =((N38+P38+R38+T38)/4) -> #DIV/0! | AA38: =((S38+U38)/2) -> 0 | AB38: =(V38+X38)/2 -> #DIV/0! | AC38: SIVIGILA
L39: TASA DE VIOLENCIA INTRAFAMILIAR Y DE GENERO INFANTIL NNAJ (0 a 19 años) | N39: =M39/C17*10000 -> #DIV/0! | P39: =O39/D17*10000 -> #DIV/0! | R39: =Q39/E17*100000 -> #DIV/0! | T39: =S39/F17*100000 -> #DIV/0! | V39: =U39/G17*100000 -> #DIV/0! | X39: =W39/H17*100000 -> #DIV/0! | Y39: =((M39+O39+Q39+S39)/4) -> 0 | Z39: =((N39+P39+R39+T39)/4) -> #DIV/0! | AA39: =((S39+U39)/2) -> 0 | AB39: =(V39+X39)/2 -> #DIV/0! | AC39: SIVIGILA
L40: TASA DE VIOLENCIA SEXUAL | N40: =M40/C7*100000 -> #DIV/0! | P40: =O40/D7*100000 -> #DIV/0! | R40: =Q40/E7*100000 -> #DIV/0! | T40: =S40/F7*100000 -> #DIV/0! | V40: =U40/G7*100000 -> #DIV/0! | X40: =W40/H7*100000 -> #DIV/0! | Y40: =((M40+O40+Q40+S40)/4) -> 0 | Z40: =((N40+P40+R40+T40)/4) -> #DIV/0! | AA40: =((S40+U40)/2) -> 0 | AB40: =(V40+X40)/2 -> #DIV/0! | AC40: SIVIGILA
L41: TASA DE APAPTVR | N41: =M41/C7*10000 -> #DIV/0! | P41: =O41/D7*10000 -> #DIV/0! | R41: =Q41/E7*10000 -> #DIV/0! | T41: =S41/F7*10000 -> #DIV/0! | V41: =U41/G7*10000 -> #DIV/0! | X41: =W41/H7*10000 -> #DIV/0! | Y41: =((M41+O41+Q41+S41)/4) -> 0 | Z41: =((N41+P41+R41+T41)/4) -> #DIV/0! | AA41: =((S41+U41)/2) -> 0 | AB41: =(V41+X41)/2 -> #DIV/0! | AC41: SIVIGILA
L42: TASA DE VARICELA | N42: =M42/C7*10000 -> #DIV/0! | P42: =O42/D7*10000 -> #DIV/0! | R42: =Q42/E7*10000 -> #DIV/0! | T42: =S42/F7*10000 -> #DIV/0! | V42: =U42/G7*10000 -> #DIV/0! | X42: =W42/H7*10000 -> #DIV/0! | Y42: =((M42+O42+Q42+S42)/4) -> 0 | Z42: =((N42+P42+R42+T42)/4) -> #DIV/0! | AA42: =((S42+U42)/2) -> 0 | AB42: =(V42+X42)/2 -> #DIV/0! | AC42: SIVIGILA
L43: TASA DE VIOLENCIA DE PAREJA | N43: =M43/C16*10000 -> #DIV/0! | P43: =O43/D16*10000 -> #DIV/0! | R43: =Q43/E16*100000 -> #DIV/0! | T43: =S43/F16*100000 -> #DIV/0! | V43: =U43/G16*100000 -> #DIV/0! | X43: =W43/H16*100000 -> #DIV/0! | Y43: =((M43+O43+Q43+S43)/4) -> 0 | Z43: =((N43+P43+R43+T43)/4) -> #DIV/0! | AA43: =((S43+U43)/2) -> 0 | AB43: =(V43+X43)/2 -> #DIV/0! | AC43: SIVIGILA
L44: MORTALIDAD CARDIOCIRCULATORIA | N44: =M44/C7*100000 -> #DIV/0! | P44: =O44/D7*100000 -> #DIV/0! | R44: =Q44/E7*100000 -> #DIV/0! | T44: =S44/F7*100000 -> #DIV/0! | V44: =U44/G7*100000 -> #DIV/0! | X44: =W44/H7*100000 -> #DIV/0! | Y44: =((M44+O44+Q44+S44)/4) -> 0 | Z44: =((N44+P44+R44+T44)/4) -> #DIV/0! | AA44: =((S44+U44)/2) -> 0 | AB44: =(V44+X44)/2 -> #DIV/0! | AC44: SIVIGILA
L45: COBERTURA DE ATENCION INSTITUCIONAL DEL PARTO POR MEDICO | N45: =M45/M4*100 -> #DIV/0! | P45: =O45/O4*100 -> #DIV/0! | R45: =Q45/Q4*100 -> #DIV/0! | T45: =S45/S4*100 -> #DIV/0! | V45: =U45/U4*100 -> #DIV/0! | X45: =W45/W4*100 -> #DIV/0! | Y45: =((M45+O45+Q45+S45)/4) -> 0 | Z45: =((N45+P45+R45+T45)/4) -> #DIV/0! | AA45: =((S45+U45)/2) -> 0 | AB45: =(V45+X45)/2 -> #DIV/0! | AC45: DANE RUAF
L46: ATENCION DE PARTO CON 4 O MAS CONTROLES | N46: =M46/M4*100 -> #DIV/0! | P46: =O46/O4*100 -> #DIV/0! | R46: =Q46/Q4*100 -> #DIV/0! | T46: =S46/S4*100 -> #DIV/0! | V46: =U46/U4*100 -> #DIV/0! | X46: =W46/W4*100 -> #DIV/0! | Y46: =((M46+O46+Q46+S46)/4) -> 0 | Z46: =((N46+P46+R46+T46)/4) -> #DIV/0! | AA46: =((S46+U46)/2) -> 0 | AB46: =(V46+X46)/2 -> #DIV/0! | AC46: DANE RUAF
L47: TASA DE ENFERMEDADES HUERFANAS | N47: =M47/C7*100000 -> #DIV/0! | P47: =O47/D7*100000 -> #DIV/0! | R47: =Q47/E7*100000 -> #DIV/0! | T47: =S47/F7*100000 -> #DIV/0! | V47: =U47/G7*100000 -> #DIV/0! | X47: =W47/H7*100000 -> #DIV/0! | Y47: =((M47+O47+Q47+S47)/4) -> 0 | Z47: =((N47+P47+R47+T47)/4) -> #DIV/0! | AA47: =((S47+U47)/2) -> 0 | AB47: =(V47+X47)/2 -> #DIV/0! | AC47: SIVIGILA
L48: TASA DE MORTALIDAD ENFERMEDAD HIPERTENSIVA | N48: =M48/C7*100000 -> #DIV/0! | P48: =O48/D7*100000 -> #DIV/0! | R48: =Q48/E7*100000 -> #DIV/0! | T48: =S48/F7*100000 -> #DIV/0! | V48: =U48/G7*100000 -> #DIV/0! | X48: =W48/H7*100000 -> #DIV/0! | Y48: =((M48+O48+Q48+S48)/4) -> 0 | Z48: =((N48+P48+R48+T48)/4) -> #DIV/0! | AA48: =((S48+U48)/2) -> 0 | AB48: =(V48+X48)/2 -> #DIV/0! | AC48: DANE
L49: TASA DE MORTALIDAD POR DIABETES | N49: =M49/C7*100000 -> #DIV/0! | P49: =O49/D7*100000 -> #DIV/0! | R49: =Q49/E7*100000 -> #DIV/0! | T49: =S49/F7*100000 -> #DIV/0! | V49: =U49/G7*100000 -> #DIV/0! | X49: =W49/H7*100000 -> #DIV/0! | Y49: =((M49+O49+Q49+S49)/4) -> 0 | Z49: =((N49+P49+R49+T49)/4) -> #DIV/0! | AA49: =((S49+U49)/2) -> 0 | AB49: =(V49+X49)/2 -> #DIV/0! | AC49: DANE
L50: INCIDENCIA DE LA HEPATITIS B | N50: =M50/C7*100000 -> #DIV/0! | P50: =O50/D7*100000 -> #DIV/0! | R50: =Q50/E7*100000 -> #DIV/0! | T50: =S50/F7*100000 -> #DIV/0! | V50: =U50/G7*100000 -> #DIV/0! | X50: =W50/H7*100000 -> #DIV/0! | Y50: =((M50+O50+Q50+S50)/4) -> 0 | Z50: =((N50+P50+R50+T50)/4) -> #DIV/0! | AA50: =((S50+U50)/2) -> 0 | AB50: =(V50+X50)/2 -> #DIV/0! | AC50: SIVIGILA
L51: TASA DE INCIDENCIA DE MALARIA | N51: =M51/C7*100000 -> #DIV/0! | P51: =O51/D7*100000 -> #DIV/0! | R51: =Q51/E7*100000 -> #DIV/0! | T51: =S51/F7*100000 -> #DIV/0! | V51: =U51/G7*100000 -> #DIV/0! | X51: =W51/H7*100000 -> #DIV/0! | Y51: =((M51+O51+Q51+S51)/4) -> 0 | Z51: =((N51+P51+R51+T51)/4) -> #DIV/0! | AA51: =((S51+U51)/2) -> 0 | AB51: =(V51+X51)/2 -> #DIV/0! | AC51: SIVIGILA
L52: TASA DE INCIDENCIA DE TUBERCULOSIS | N52: =M52/C7*100000 -> #DIV/0! | P52: =O52/D7*100000 -> #DIV/0! | R52: =Q52/E7*100000 -> #DIV/0! | T52: =S52/F7*100000 -> #DIV/0! | V52: =U52/G7*100000 -> #DIV/0! | X52: =W52/H7*100000 -> #DIV/0! | Y52: =((M52+O52+Q52+S52)/4) -> 0 | Z52: =((N52+P52+R52+T52)/4) -> #DIV/0! | AA52: =((S52+U52)/2) -> 0 | AB52: =(V52+X52)/2 -> #DIV/0! | AC52: SIVIGILA
L53: TASA DE MORTALIDAD POR CANCER INFANTIL | N53: =M53/C17*100000 -> #DIV/0! | P53: =O53/D17*100000 -> #DIV/0! | R53: =Q53/E17*100000 -> #DIV/0! | T53: =S53/F17*100000 -> #DIV/0! | V53: =U53/G17*100000 -> #DIV/0! | X53: =W53/H17*100000 -> #DIV/0! | Y53: =((M53+O53+Q53+S53)/4) -> 0 | Z53: =((N53+P53+R53+T53)/4) -> #DIV/0! | AA53: =((S53+U53)/2) -> 0 | AB53: =(V53+X53)/2 -> #DIV/0! | AC53: DANE
L54: TASA DE MORTALIDAD PREMATURA POR DIABETES | N54: =M54/C19*100000 -> #DIV/0! | P54: =O54/D19*100000 -> #DIV/0! | R54: =Q54/E19*100000 -> #DIV/0! | T54: =S54/F19*100000 -> #DIV/0! | V54: =U54/G19*100000 -> #DIV/0! | X54: =W54/H19*100000 -> #DIV/0! | Y54: =((M54+O54+Q54+S54)/4) -> 0 | Z54: =((N54+P54+R54+T54)/4) -> #DIV/0! | AA54: =((S54+U54)/2) -> 0 | AB54: =(V54+X54)/2 -> #DIV/0! | AC54: DANE
L55: TASA DE MORTALIDAD PREMATURA POR CANCER | N55: =M55/C19*100000 -> #DIV/0! | P55: =O55/D19*100000 -> #DIV/0! | R55: =Q55/E19*100000 -> #DIV/0! | T55: =S55/F19*100000 -> #DIV/0! | V55: =U55/G19*100000 -> #DIV/0! | X55: =W55/H19*100000 -> #DIV/0! | Y55: =((M55+O55+Q55+S55)/4) -> 0 | Z55: =((N55+P55+R55+T55)/4) -> #DIV/0! | AA55: =((S55+U55)/2) -> 0 | AB55: =(V55+X55)/2 -> #DIV/0! | AC55: DANE
L56: TASA DE LETALIDAD POR DENGUE | N56: =M56/C7*100000 -> #DIV/0! | P56: =O56/D7*100000 -> #DIV/0! | R56: =Q56/E7*100000 -> #DIV/0! | T56: =S56/F7*100000 -> #DIV/0! | V56: =U56/G7*100000 -> #DIV/0! | X56: =W56/H7*100000 -> #DIV/0! | Y56: =((M56+O56+Q56+S56)/4) -> 0 | Z56: =((N56+P56+R56+T56)/4) -> #DIV/0! | AA56: =((S56+U56)/2) -> 0 | AB56: =(V56+X56)/2 -> #DIV/0! | AC56: DANE
L57: PORCENTAJE DE TRASMISION MATERNO INFANTIL DE HEPATITIS B | N57: =M57/M4*100000 -> #DIV/0! | P57: =O57/O4*100000 -> #DIV/0! | R57: =Q57/Q4*100000 -> #DIV/0! | T57: =S57/S4*100000 -> #DIV/0! | V57: =U57/U4*100000 -> #DIV/0! | X57: =W57/W4*100000 -> #DIV/0! | Y57: =((M57+O57+Q57+S57)/4) -> 0 | Z57: =((N57+P57+R57+T57)/4) -> #DIV/0! | AA57: =((S57+U57)/2) -> 0 | AB57: =(V57+X57)/2 -> #DIV/0! | AC57: SIVIGILA
L58: TASA DE MORTALIDAD POR CANCER | N58: =M58/C7*100000 -> #DIV/0! | P58: =O58/D7*100000 -> #DIV/0! | R58: =Q58/E7*100000 -> #DIV/0! | T58: =S58/F7*100000 -> #DIV/0! | V58: =U58/G7*100000 -> #DIV/0! | X58: =W58/H7*100000 -> #DIV/0! | Y58: =((M58+O58+Q58+S58)/4) -> 0 | Z58: =((N58+P58+R58+T58)/4) -> #DIV/0! | AA58: =((S58+U58)/2) -> 0 | AB58: =(V58+X58)/2 -> #DIV/0! | AC58: DANE
L59: TASA DE MORTALIDAD POR TUBERCULOSIS | N59: =M59/C7*100000 -> #DIV/0! | P59: =O59/D7*100000 -> #DIV/0! | R59: =Q59/E7*100000 -> #DIV/0! | T59: =S59/F7*100000 -> #DIV/0! | V59: =U59/G7*100000 -> #DIV/0! | X59: =W59/H7*100000 -> #DIV/0! | Y59: =((M59+O59+Q59+S59)/4) -> 0 | Z59: =((N59+P59+R59+T59)/4) -> #DIV/0! | AA59: =((S59+U59)/2) -> 0 | AB59: =(V59+X59)/2 -> #DIV/0! | AC59: DANE
L60: TASA DE INCIDENCIA DE CANCER INFANTIL (MENOR DE 19 AÑOS) | N60: =M60/C17*100000 -> #DIV/0! | P60: =O60/D17*100000 -> #DIV/0! | R60: =Q60/E17*100000 -> #DIV/0! | T60: =S60/F17*100000 -> #DIV/0! | V60: =U60/G17*100000 -> #DIV/0! | X60: =W60/H17*100000 -> #DIV/0! | Y60: =((M60+O60+Q60+S60)/4) -> 0 | Z60: =((N60+P60+R60+T60)/1) -> #DIV/0! | AA60: =((S60+U60)/2) -> 0 | AB60: =(V60+X60)/2 -> #DIV/0! | AC60: SIVIGILA
L61: TASA DE EDA HASTA 5 AÑOS | N61: =M61/C15*1000 -> #DIV/0! | P61: =O61/D15*1000 -> #DIV/0! | R61: =Q61/E15*1000 -> #DIV/0! | T61: =S61/F15*1000 -> #DIV/0! | V61: =U61/G15*1000 -> #DIV/0! | X61: =W61/H23*1000 -> #DIV/0! | Y61: =((M61+O61+Q61+S61)/1) -> 0 | Z61: =((N61+P61+R61+T61)/1) -> #DIV/0! | AA61: =((S61+U61)/2) -> 0 | AB61: =(V61+X61)/2 -> #DIV/0! | AC61: SIVIGILA
L62: TASA DE IRA HASTA 5 AÑOS | N62: =M62/C15*1000 -> #DIV/0! | P62: =O62/D15*1000 -> #DIV/0! | R62: =Q62/E15*1000 -> #DIV/0! | T62: =S62/F15*1000 -> #DIV/0! | V62: =U62/G15*1000 -> #DIV/0! | X62: =W62/H15*1000 -> #DIV/0! | Y62: =((M62+O62+Q62+S62)/1) -> 0 | Z62: =((N62+P62+R62+T62)/1) -> #DIV/0! | AA62: =((S62+U62)/2) -> 0 | AB62: =(V62+X62)/2 -> #DIV/0! | AC62: SIVIGILA
L63: TASA DE VIOLENCIA DE PAREJA EN POBLACION A Y J | N63: =M63/C17*100000 -> #DIV/0! | P63: =O63/D17*100000 -> #DIV/0! | R63: =Q63/E17*100000 -> #DIV/0! | T63: =S63/F17*100000 -> #DIV/0! | V63: =U63/G17*100000 -> #DIV/0! | X63: =W63/H17*100000 -> #DIV/0! | Y63: =((M63+O63+Q63+S63)/1) -> 0 | Z63: =((N63+P63+R63+T63)/1) -> #DIV/0! | AA63: =((S63+U63)/2) -> 0 | AB63: =(V63+X63)/2 -> #DIV/0! | AC63: SIVIGILA
L64: TASA DE MORTALIDAD POR CAUSA EXTERNA EN NNAJ | N64: =M64/C17*100000 -> #DIV/0! | P64: =O64/D17*100000 -> #DIV/0! | R64: =Q64/E17*100000 -> #DIV/0! | T64: =S64/F17*100000 -> #DIV/0! | V64: =U64/G17*100000 -> #DIV/0! | X64: =W64/H17*100000 -> #DIV/0! | Y64: =((M64+O64+Q64+S64)/1) -> 0 | Z64: =((N64+P64+R64+T64)/1) -> #DIV/0! | AA64: =((S64+U64)/2) -> 0 | AB64: =(V64+X64)/2 -> #DIV/0! | AC64: DANE - EEVV
L65: TASA DE INTENCION SUICIDA EN NNAJ | N65: =M65/C17*100000 -> #DIV/0! | P65: =O65/D17*100000 -> #DIV/0! | R65: =Q65/E17*100000 -> #DIV/0! | T65: =S65/F17*100000 -> #DIV/0! | V65: =U65/G17*100000 -> #DIV/0! | X65: =W65/H17*100000 -> #DIV/0! | Y65: =((M65+O65+Q65+S65)/1) -> 0 | Z65: =((N65+P65+R65+T65)/1) -> #DIV/0! | AA65: =((S65+U65)/2) -> 0 | AB65: =(V65+X65)/2 -> #DIV/0! | AC65: SIVIGILA
L66: TASA DE VIOLENCIA SEXUAL EN NNAJ | N66: =M66/C17*100000 -> #DIV/0! | P66: =O66/D17*100000 -> #DIV/0! | R66: =Q66/E17*100000 -> #DIV/0! | T66: =S66/F17*100000 -> #DIV/0! | V66: =U66/G17*100000 -> #DIV/0! | X66: =W66/H17*100000 -> #DIV/0! | Y66: =((M66+O66+Q66+S66)/1) -> 0 | Z66: =((N66+P66+R66+T66)/1) -> #DIV/0! | AA66: =((S66+U66)/2) -> 0 | AB66: =(V66+X66)/2 -> #DIV/0! | AC66: SIVIGILA
L67: TASA DE ENFERMEDADS HUERFANAS EN NNAJ | N67: =M67/C17*100000 -> #DIV/0! | P67: =O67/D17*100000 -> #DIV/0! | R67: =Q67/E17*100000 -> #DIV/0! | T67: =S67/F17*100000 -> #DIV/0! | V67: =U67/G17*100000 -> #DIV/0! | X67: =W67/H17*100000 -> #DIV/0! | Y67: =((M67+O67+Q67+S67)/1) -> 0 | Z67: =((N67+P67+R67+T67)/1) -> #DIV/0! | AA67: =((S67+U67)/2) -> 0 | AB67: =(V67+X67)/2 -> #DIV/0! | AC67: SIVIGILA
L68: TASA DE INCIDENCIA DE CANCER DE MAMA | N68: =M68/C11*100000 -> #DIV/0! | P68: =O68/D11*100000 -> #DIV/0! | R68: =Q68/E11*100000 -> #DIV/0! | T68: =S68/F11*100000 -> #DIV/0! | V68: =U68/G11*100000 -> #DIV/0! | X68: =W68/H11*100000 -> #DIV/0! | Y68: =((M68+O68+Q68+S68)/2) -> 0 | Z68: =((N68+P68+R68+T68)/2) -> #DIV/0! | AA68: =((S68+U68)/2) -> 0 | AB68: =(V68+X68)/2 -> #DIV/0! | AC68: SIVIGILA
L69: TASA DE INCIDENCIA DE CANCER DE CERVIX | N69: =M69/C11*100000 -> #DIV/0! | P69: =O69/D11*100000 -> #DIV/0! | R69: =Q69/E11*100000 -> #DIV/0! | T69: =S69/F11*100000 -> #DIV/0! | V69: =U69/G11*100000 -> #DIV/0! | X69: =W69/H11*100000 -> #DIV/0! | Y69: =((M69+O69+Q69+S69)/2) -> 0 | Z69: =((N69+P69+R69+T69)/2) -> #DIV/0! | AA69: =((S69+U69)/2) -> 0 | AB69: =(V69+X69)/2 -> #DIV/0! | AC69: SIVIGILA
L70: TASA DE MORTALIDAD POR CANCER DE ESTOMAGO | N70: =M70/C7*100000 -> #DIV/0! | P70: =O70/D7*100000 -> #DIV/0! | R70: =Q70/E7*100000 -> #DIV/0! | T70: =S70/F7*100000 -> #DIV/0! | V70: =U70/G7*100000 -> #DIV/0! | X70: =W70/H7*100000 -> #DIV/0! | Y70: =((M70+O70+Q70+S70)/1) -> 0 | Z70: =((N70+P70+R70+T70)/1) -> #DIV/0! | AA70: =((S70+U70)/2) -> 0 | AB70: =(V70+X70)/2 -> #DIV/0! | AC70: DANE

Sheet COGUA
C1: MATRIZ DE PRIORIZACIÓN DE NECESIDADES EN SALUD PUBLICA | L1: Fuente de datos: ASIS municipal, oficina de epidemiología o vigilancia en salud publica de cada municipio.
B2: RECOMENDACIONES. TODOS LOS VALORES ESTAN FORMULADOS, Y SON FORMULACION ESTANDAR INTERNACIONAL. LA FUENTE DE POBLACION DE REFERENCIA ES DANE AJUSTE COVID 2021. EN ALGUNOS INDICADORES DEBE SUMAR MUERTES FETALES A NACIMIENTOS PARA AJUSTAR DENOMINADOR. LAS FUENTES UTILIZADAS SON LAS MAS RELEVANTES, SI POSEE OTRA FUENTE DE INFORMACION INCLUYALA Y MODIFIQUE LA FUENTE. | L2: INDICADOR | M2: CASOS 2020 | N2: VALOR DEL INDICADOR 2020 CORTE 31/12/2020 | O2: CASOS 2021 | P2: VALOR DEL INDICADOR 2021 corte 31/12/2021 mortalidad | Q2: CASOS 2022 | R2: VALOR DEL INDICADOR 2022 | S2: CASOS 2023 | T2: VALOR DEL INDICADOR 2023 31-12-2023 | U2: CASOS 2024 | V2: VALOR DEL INDICADOR 2024 preliminar 31-12-2024 | W2: CASOS 2025 | X2: VALOR DEL INDICADOR 2025 preliminar 24-06-2025 | Y2: VALOR PROMEDIO INDICADOR CUATRENIO ANTERIOR | Z2: VALOR PROMEDIO CASOS CUATRENIO ANTERIOR | AA2: VALOR PROMEDIO INDICADOR PERIODO 2024-2025 | AB2: VALOR PROMEDIO CASOS PERIODO ACTUAL 2024-2025 | AC2: FUENTE
L3: TASA DE MORTALIDAD | M3: 167 | N3: =M3/C7*1000 -> 7.0238896 | O3: 156 | P3: =O3/D7*1000 -> 6.3866372 | Q3: 145 | R3: =Q3/E7*1000 -> 5.751914 | S3: 170 | T3: =S3/F7*1000 -> 6.5246594 | U3: 137 | V3: =U3/G7*1000 -> #VALUE! | W3: 65 | X3: =W3/H7*1000 -> 2.346994 | Y3: =((M3+O3+Q3+S3)/4) -> 159.5 | Z3: =((N3+P3+R3+T3)/4) -> 6.421775 | AA3: =((S3+U3)/2) -> 153.5 | AB3: =(V3+X3)/2 -> #VALUE! | AC3: DANE
L4: TASA DE NATALIDAD | M4: 250 | N4: =M4/C7*1000 -> 10.514805 | O4: 247 | P4: =O4/D7*1000 -> 10.112176 | Q4: 216 | R4: =Q4/E7*1000 -> 8.5683684 | S4: 191 | T4: =S4/F7*1000 -> 7.3306467 | U4: 188 | V4: =U4/G7*1000 -> #VALUE! | W4: 103 | X4: =W4/H7*1000 -> 3.7190829 | Y4: =((M4+O4+Q4+S4)/4) -> 226 | Z4: =((N4+P4+R4+T4)/4) -> 9.1314989 | AA4: =((S4+U4)/2) -> 189.5 | AB4: =(V4+X4)/2 -> #VALUE! | AC4: RUAF
B5: Columna1 | C5: AÑO 2020 | D5: AÑO 2021 | E5: AÑO 2022 | F5: AÑO 2023 | G5: AÑO 2024 | H5: AÑO 2025 | L5: RAZON DE MORTALIDAD MATERNA | M5: 0 | N5: =M5/C12*100000 -> 0 | O5: 1 | P5: =O5/D12*100000 -> 404.8583 | Q5: 0 | R5: =Q5/E12*100000 -> 0 | S5: 0 | T5: =S5/F12*100000 -> 0 | U5: 0 | V5: =U5/G12*100000 -> 0 | W5: 0 | X5: =W5/H12*100000 -> 0 | Y5: =((M5+O5+Q5+S5)/4) -> 0.25 | Z5: =((N5+P5+R5+T5)/4) -> 101.21457 | AA5: =((S5+U5)/2) -> 0 | AB5: =(V5+X5)/2 -> 0 | AC5: DANE - RUAF
L6: RAZON DE MORTALIDAD FETAL | M6: 6 | N6: =M6/M4*1000 -> 24 | O6: 10 | P6: =O6/O4*1000 -> 40.48583 | Q6: 6 | R6: =Q6/Q4*1000 -> 27.777778 | S6: 4 | T6: =S6/S4*1000 -> 20.942408 | U6: 5 | V6: =U6/U4*1000 -> 26.595745 | W6: 0 | X6: =W6/W4*1000 -> 0 | Y6: =((M6+O6+Q6+S6)/4) -> 6.5 | Z6: =((N6+P6+R6+T6)/4) -> 28.301504 | AA6: =((S6+U6)/2) -> 4.5 | AB6: =(V6+X6)/2 -> 13.297872 | AC6: DANE
B7: POBLACION TOTAL | C7: 23776 | D7: 24426 | E7: 25209 | F7: 26055 | G7: 26,87 | H7: 27695 | L7: RAZON DE MORTALIDAD PERINATAL | M7: 1 | O7: 4 | Q7: 3 | S7: 2 | U7: 3 | W7: 0 | Y7: =((M7+O7+Q7+S7)/4) -> 2.5 | Z7: =((N7+P7+R7+T7)/4) -> 0 | AA7: =((S7+U7)/2) -> 2.5 | AB7: =(V7+X7)/2 -> 0 | AC7: DANE - SIVIGILA
B8: POBLACION TOTAL CABECERA | C8: 8681 | D8: 9475 | E8: 10211 | F8: 10957 | G8: 11555 | H8: 12128 | L8: TASA DE MORTALIDAD POR DESNUTRICION < 5 AÑOS | M8: 0 | N8: =M8/C15*1000 -> 0 | O8: 0 | P8: =O8/D15*1000 -> 0 | Q8: 0 | R8: =Q8/E15*1000 -> 0 | S8: 0 | T8: =S8/F15*1000 -> 0 | U8: 0 | V8: =U8/G15*1000 -> 0 | W8: 0 | X8: =W8/H15*1000 -> 0 | Y8: =((M8+O8+Q8+S8)/4) -> 0 | Z8: =((N8+P8+R8+T8)/4) -> 0 | AA8: =((S8+U8)/2) -> 0 | AB8: =(V8+X8)/2 -> 0 | AC8: DANE - SIVIGILA
B9: POBLACION TOTAL RURAL DISPERSA | C9: 15095 | D9: 14951 | E9: 14998 | F9: 15098 | G9: 15315 | H9: 15567 | L9: TASA DE MORTALIDAD BRUTA POR CAUSA EXTERNA | M9: 7 | N9: =M9/C7*100000 -> 29.441454 | O9: 7 | P9: =O9/D7*100000 -> 28.657987 | Q9: 4 | R9: =Q9/E7*100000 -> 15.867349 | S9: 7 | T9: =S9/F7*100000 -> 26.866244 | U9: 9 | V9: =U9/G7*100000 -> #VALUE! | W9: 1 | X9: =W9/H7*100000 -> 3.6107601 | Y9: =((M9+O9+Q9+S9)/4) -> 6.25 | Z9: =((N9+P9+R9+T9)/4) -> 25.208259 | AA9: =((S9+U9)/2) -> 8 | AB9: =(V9+X9)/2 -> #VALUE! | AC9: DANE
B10: POBLACION MASCULINA | C10: 11717 | D10: 12039 | E10: 12,43 | F10: 12866 | G10: 13270 | H10: 13691 | L10: TASA DE MORTALIDAD POR IRA < 5 AÑOS | M10: 0 | N10: =M10/C15*100000 -> 0 | O10: 0 | P10: =O10/D15*100000 -> 0 | Q10: 0 | R10: =Q10/E15*100000 -> 0 | S10: 0 | T10: =S10/F15*100000 -> 0 | U10: 0 | V10: =U10/G15*100000 -> 0 | W10: 0 | X10: =W10/H15*100000 -> 0 | Y10: =((M10+O10+Q10+S10)/4) -> 0 | Z10: =((N10+P10+R10+T10)/4) -> 0 | AA10: =((S10+U10)/2) -> 0 | AB10: =(V10+X10)/2 -> 0 | AC10: DANE
B11: POBLACION FEMENINA | C11: 12059 | D11: 12387 | E11: 12779 | F11: 13189 | G11: 13600 | H11: 14004 | L11: TASA DE MORTALIDAD POR EDA < 5 AÑOS | M11: 0 | N11: =M11/C15*100000 -> 0 | O11: 0 | P11: =O11/D16*100000 -> 0 | Q11: 0 | R11: =Q11/F16*100000 -> 0 | S11: 0 | T11: =S11/F15*100000 -> 0 | U11: 0 | V11: =U11/G15*100000 -> 0 | W11: 0 | X11: =W11/H15*100000 -> 0 | Y11: =((M11+O11+Q11+S11)/4) -> 0 | Z11: =((N11+P11+R11+T11)/4) -> 0 | AA11: =((S11+U11)/2) -> 0 | AB11: =(V11+X11)/2 -> 0 | AC11: DANE
B12: NACIMIENTOS | C12: 250 | D12: 247 | E12: 215 | F12: 191 | G12: 188 | H12: 103 | L12: TASA BRUTA DE VIOLENCIA INTRAFAMILIAR | M12: 128 | N12: =M12/C7*100000 -> 538.35801 | O12: 72 | P12: =O12/D7*100000 -> 294.76787 | Q12: 103 | R12: =Q12/E7*100000 -> 408.58424 | S12: 121 | T12: =S12/F7*100000 -> 464.40223 | U12: 118 | V12: =U12/G7*100000 -> #VALUE! | W12: 64 | X12: =W12/H7*100000 -> 231.08864 | Y12: =((M12+O12+Q12+S12)/4) -> 106 | Z12: =((N12+P12+R12+T12)/4) -> 426.52809 | AA12: =((S12+U12)/2) -> 119.5 | AB12: =(V12+X12)/2 -> #VALUE! | AC12: SIVIGILA
B13: DEFUNCIONES | C13: 167 | D13: 156 | E13: 145 | F13: 170 | G13: 137 | H13: 65 | L13: TASA DE VIOLENCIA DE GENERO FEMENINA | M13: 94 | N13: =M13/C11*100000 -> 779.50079 | O13: 54 | P13: =O13/D11*100000 -> 435.94091 | Q13: 83 | R13: =Q13/E11*100000 -> 649.50309 | S13: 98 | T13: =S13/F11*100000 -> 743.04345 | U13: 96 | V13: =U13/G11*100000 -> 705.88235 | W13: 56 | X13: =W13/H11*100000 -> 399.88575 | Y13: =((M13+O13+Q13+S13)/4) -> 82.25 | Z13: =((N13+P13+R13+T13)/4) -> 651.99706 | AA13: =((S13+U13)/2) -> 97 | AB13: =(V13+X13)/2 -> 552.88405 | AC13: SIVIGILA
B14: POBLACION MENOR 1 AÑO | C14: 760 | D14: 747 | E14: 735 | F14: 737 | G14: 746 | H14: 755 | L14: TASA DE MORTALIDAD INFANTIL | M14: 1 | N14: =M14/M4*1000 -> 4 | O14: 3 | P14: =O14/O4*1000 -> 12.145749 | Q14: 2 | R14: =Q14/Q4*1000 -> 9.2592593 | S14: 3 | T14: =S14/S4*1000 -> 15.706806 | U14: 1 | V14: =U14/U4*1000 -> 5.3191489 | X14: =W14/W4*1000 -> 0 | Y14: =((M14+O14+Q14+S14)/4) -> 2.25 | Z14: =((N14+P14+R14+T14)/4) -> 10.277954 | AA14: =((S14+U14)/2) -> 2 | AB14: =(V14+X14)/2 -> 2.6595745 | AC14: DANE
B15: POBLACION MENOR 5 AÑOS | C15: 1894 | D15: 2271 | E15: 2289 | F15: 2310 | G15: 2316 | H15: 2321 | L15: TASA DE MORTALIDAD INFANTIL < 5 AÑOS | M15: 0 | N15: =M15/C15*100000 -> 0 | O15: 3 | P15: =O15/D15*100000 -> 132.1004 | Q15: 2 | R15: =Q15/E15*100000 -> 87.374399 | S15: 3 | T15: =S15/F15*100000 -> 129.87013 | U15: 1 | V15: =U15/G15*100000 -> 43.177893 | W15: 0 | X15: =W15/H15*100000 -> 0 | Y15: =((M15+O15+Q15+S15)/4) -> 2 | Z15: =((N15+P15+R15+T15)/4) -> 87.336231 | AA15: =((S15+U15)/2) -> 2 | AB15: =(V15+X15)/2 -> 21.588946 | AC15: DANE
B16: POBLACION MAYOR 15 AÑOS | C16: 18279 | D16: 18873 | E16: 19559 | F16: 20292 | G16: 21012 | H16: 21743 | L16: PROPORCION DE BAJO PESO AL NACER | M16: 14 | N16: =M16/M4*100 -> 5.6 | O16: 10 | P16: =O16/O4*100 -> 4.048583 | Q16: 11 | R16: =Q16/Q4*100 -> 5.0925926 | S16: 9 | T16: =S16/S4*100 -> 4.7120419 | U16: 16 | V16: =U16/U4*100 -> 8.5106383 | W16: 5 | X16: =W16/W4*100 -> 4.8543689 | Y16: =((M16+O16+Q16+S16)/4) -> 11 | Z16: =((N16+P16+R16+T16)/4) -> 4.8633044 | AA16: =((S16+U16)/2) -> 12.5 | AB16: =(V16+X16)/2 -> 6.6825036 | AC16: RUAF
B17: POBLACION MENOR 19 AÑOS | C17: 7412 | D17: 7470 | E17: 7585 | F17: 7717 | G17: 7832 | H17: 7953 | L17: PROPORCION DE BAJO PESO AL NACER A TERMINO | M17: 14 | N17: =M17/M4*100 -> 5.6 | O17: 10 | P17: =O17/O4*100 -> 4.048583 | Q17: 11 | R17: =Q17/Q4*100 -> 5.0925926 | S17: 9 | T17: =S17/S4*100 -> 4.7120419 | U17: 16 | V17: =U17/U4*100 -> 8.5106383 | W17: 5 | X17: =W17/W4*100 -> 4.8543689 | Y17: =((M17+O17+Q17+S17)/4) -> 11 | Z17: =((N17+P17+R17+T17)/4) -> 4.8633044 | AA17: =((S17+U17)/2) -> 12.5 | AB17: =(V17+X17)/2 -> 6.6825036 | AC17: RUAF
B18: POBLACION MENOR 65 AÑOS | C18: 21615 | D18: 22158 | E18: 22843 | F18: 23552 | G18: 24229 | H18: 24888 | L18: TASA DE DESNUTRICION AGUDA < 5 AÑOS | M18: 4 | N18: =M18/C15*1000 -> 2.1119324 | O18: 4 | P18: =O18/D15*1000 -> 1.7613386 | Q18: 11 | R18: =Q18/E15*1000 -> 4.805592 | S18: 4 | T18: =S18/F15*1000 -> 1.7316017 | U18: 15 | V18: =U18/G15*1000 -> 6.4766839 | X18: =W18/H15*1000 -> 0 | Y18: =((M18+O18+Q18+S18)/4) -> 5.75 | Z18: =((N18+P18+R18+T18)/4) -> 2.6026162 | AA18: =((S18+U18)/2) -> 9.5 | AB18: =(V18+X18)/2 -> 3.238342 | AC18: SIVIGILA
B19: POBLACION 20 A 65 | C19: 14203 | D19: 14688 | E19: 15258 | F19: 15835 | G19: 16397 | H19: 16935 | L19: PROPORCION DE EMBARAZO EN ADOLESCENTE | M19: 44 | N19: =M19/M4*100 -> 17.6 | O19: 40 | P19: =O19/O4*100 -> 16.194332 | Q19: 24 | R19: =Q19/Q4*100 -> 11.111111 | S19: 20 | T19: =S19/S4*100 -> 10.471204 | U19: 24 | V19: =U19/U4*100 -> 12.765957 | W19: 12 | X19: =W19/W4*100 -> 11.650485 | Y19: =((M19+O19+Q19+S19)/4) -> 32 | Z19: =((N19+P19+R19+T19)/4) -> 13.844162 | AA19: =((S19+U19)/2) -> 22 | AB19: =(V19+X19)/2 -> 12.208221 | AC19: RUAF
B20: POBLACION MUJERES 10 A 14 | C20: 899 | D20: 908 | E20: 926 | F20: 948 | G20: 970 | H20: 994 | L20: TASA DE FECUNDIDAD 10 A 14 AÑOS | M20: 2 | N20: =M20/C20*1000 -> 2.2246941 | O20: 1 | P20: =O20/D20*1000 -> 1.1013216 | Q20: 0 | R20: =Q20/E20*1000 -> 0 | S20: 1 | T20: =S20/F20*1000 -> 1.0548523 | U20: 2 | V20: =U20/G20*1000 -> 2.0618557 | W20: 2 | X20: =W20/H20*1000 -> 2.0120724 | Y20: =((M20+O20+Q20+S20)/4) -> 1 | Z20: =((N20+P20+R20+T20)/4) -> 1.095217 | AA20: =((S20+U20)/2) -> 1.5 | AB20: =(V20+X20)/2 -> 2.0369641 | AC20: RUAF
B21: POBLACION MUJERES 15 A 19 | C21: 943 | D21: 942 | E21: 949 | F21: 955 | G21: 963 | H21: 973 | L21: TASA DE FECUNDIDAD 15 A 19 AÑOS | M21: 42 | N21: =M21/C21*1000 -> 44.538706 | O21: 39 | P21: =O21/D21*1000 -> 41.401274 | Q21: 24 | R21: =Q21/E21*1000 -> 25.289779 | S21: 19 | T21: =S21/F21*1000 -> 19.895288 | U21: 22 | V21: =U21/G21*1000 -> 22.845275 | W21: 10 | X21: =W21/H21*1000 -> 10.277492 | Y21: =((M21+O21+Q21+S21)/4) -> 31 | Z21: =((N21+P21+R21+T21)/4) -> 32.781262 | AA21: =((S21+U21)/2) -> 20.5 | AB21: =(V21+X21)/2 -> 16.561384 | AC21: RUAF
B22: POBLACION MUJERES EN EDAD FERTIL | C22: 6183 | D22: 6347 | E22: 6554 | F22: 6759 | G22: 6964 | H22: 7159 | L22: TASA DE MORTALIDAD POR ACCIDENTE DE TRANSITO | M22: 6 | N22: =M22/C7*100000 -> 25.235532 | O22: 3 | P22: =O22/D7*100000 -> 12.281995 | Q22: 0 | R22: =Q22/E7*100000 -> 0 | S22: 5 | T22: =S22/F7*100000 -> 19.190175 | U22: 4 | V22: =U22/G7*100000 -> #VALUE! | W22: 2 | X22: =W22/H7*100000 -> 7.2215201 | Y22: =((M22+O22+Q22+S22)/4) -> 3.5 | Z22: =((N22+P22+R22+T22)/4) -> 14.176925 | AA22: =((S22+U22)/2) -> 4.5 | AB22: =(V22+X22)/2 -> #VALUE! | AC22: DANE
B23: POBLACION 0 A 5 AÑOS | C23: 1894 | D23: 2271 | E23: 2289 | F23: 2310 | G23: 2316 | H23: 2321 | L23: TASA DE MORTALIDAD POR SUICIDIO | M23: 1 | N23: =M23/C7*100000 -> 4.2059219 | O23: 0 | P23: =O23/D7*100000 -> 0 | Q23: 1 | R23: =Q23/E7*100000 -> 3.9668372 | T23: =S23/F7*100000 -> 0 | U23: 1 | V23: =U23/G7*100000 -> #VALUE! | W23: 2 | X23: =W23/H7*100000 -> 7.2215201 | Y23: =((M23+O23+Q23+S23)/4) -> 0.5 | Z23: =((N23+P23+R23+T23)/4) -> 2.0431898 | AA23: =((S23+U23)/2) -> 0.5 | AB23: =(V23+X23)/2 -> #VALUE! | AC23: DANE
B24: POBLACION 6 A 11 AÑOS | C24: 2147 | D24: 2185 | E24: 2243 | F24: 2312 | G24: 2372 | H24: 2435 | L24: TASA DE MORTALIDAD POR HOMICIDIO | M24: 0 | N24: =M24/C7*100000 -> 0 | O24: 2 | P24: =O24/D7*100000 -> 8.1879964 | Q24: 2 | R24: =Q24/E7*100000 -> 7.9336745 | S24: 0 | T24: =S24/F7*100000 -> 0 | U24: 2 | V24: =U24/G7*100000 -> #VALUE! | X24: =W24/H7*100000 -> 0 | Y24: =((M24+O24+Q24+S24)/4) -> 1 | Z24: =((N24+P24+R24+T24)/4) -> 4.0304177 | AA24: =((S24+U24)/2) -> 1 | AB24: =(V24+X24)/2 -> #VALUE! | AC24: DANE
B25: POBLACION 12 A 17 AÑOS | C25: 2231 | D25: 2240 | E25: 2272 | F25: 2311 | G25: 2356 | H25: 2403 | L25: TASA DE INTENCION SUICIDA | M25: 10 | N25: =M25/C7*100000 -> 42.059219 | O25: 1 | P25: =O25/D7*100000 -> 4.0939982 | Q25: 12 | R25: =Q25/E7*100000 -> 47.602047 | S25: 7 | T25: =S25/F7*100000 -> 26.866244 | U25: 22 | V25: =U25/G7*100000 -> #VALUE! | X25: =W25/H7*100000 -> 0 | Y25: =((M25+O25+Q25+S25)/4) -> 7.5 | Z25: =((N25+P25+R25+T25)/4) -> 30.155377 | AA25: =((S25+U25)/2) -> 14.5 | AB25: =(V25+X25)/2 -> #VALUE! | AC25: SIVIGILA
B26: POBLACION 18 A 28 AÑOS | C26: 4260 | D26: 4349 | E26: 4445 | F26: 4516 | G26: 4563 | H26: 4601 | L26: TASA DE MORTALIDAD PREMATURA (<65 AÑOS) | M26: 15 | N26: =M26/C7*100000 -> 63.088829 | O26: 42 | P26: =O26/D7*100000 -> 171.94792 | Q26: 34 | R26: =Q26/E7*100000 -> 134.87247 | S26: 29 | T26: =S26/F7*100000 -> 111.30301 | U26: 18 | V26: =U26/G7*100000 -> #VALUE! | W26: 16 | X26: =W26/H7*100000 -> 57.772161 | Y26: =((M26+O26+Q26+S26)/4) -> 30 | Z26: =((N26+P26+R26+T26)/4) -> 120.30306 | AA26: =((S26+U26)/2) -> 23.5 | AB26: =(V26+X26)/2 -> #VALUE! | AC26: DANE
B27: POBLACION ADULTO MAYOR | C27: 3289 | D27: 3446 | E27: 3602 | F27: 3808 | G27: 4,01 | H27: 4,24 | L27: TASA DE MORTALIDAD POR CANCER DE CUELLO UTERINO | M27: 2 | N27: =M27/C11*100000 -> 16.585123 | O27: 2 | P27: =O27/D11*100000 -> 16.145959 | Q27: 0 | R27: =Q27/E11*100000 -> 0 | S27: 0 | T27: =S27/F11*100000 -> 0 | U27: 0 | V27: =U27/G11*100000 -> 0 | W27: 0 | X27: =W27/H11*100000 -> 0 | Y27: =((M27+O27+Q27+S27)/4) -> 1 | Z27: =((N27+P27+R27+T27)/4) -> 8.1827707 | AA27: =((S27+U27)/2) -> 0 | AB27: =(V27+X27)/2 -> 0 | AC27: DANE
L28: TASA DE MORTALIDAD POR CANCER DE MAMA | M28: 3 | N28: =M28/C11*100000 -> 24.877685 | O28: 1 | P28: =O28/D11*100000 -> 8.0729797 | Q28: 0 | R28: =Q28/E11*100000 -> 0 | S28: 1 | T28: =S28/F11*100000 -> 7.582076 | U28: 1 | V28: =U28/G11*100000 -> 7.3529412 | W28: 0 | X28: =W28/H11*100000 -> 0 | Y28: =((M28+O28+Q28+S28)/4) -> 1.25 | Z28: =((N28+P28+R28+T28)/4) -> 10.133185 | AA28: =((S28+U28)/2) -> 1 | AB28: =(V28+X28)/2 -> 3.6764706 | AC28: DANE
L29: TASA DE MORTALIDAD POR CANCER DE PROSTATA | M29: 3 | N29: =M29/C10*100000 -> 25.603824 | O29: 0 | P29: =O29/D10*100000 -> 0 | Q29: 1 | R29: =Q29/E10*100000 -> #VALUE! | S29: 3 | T29: =S29/F10*100000 -> 23.31727 | U29: 1 | V29: =U29/G10*100000 -> 7.535795 | W29: 0 | X29: =W29/H10*100000 -> 0 | Y29: =((M29+O29+Q29+S29)/4) -> 1.75 | Z29: =((N29+P29+R29+T29)/4) -> #VALUE! | AA29: =((S29+U29)/2) -> 2 | AB29: =(V29+X29)/2 -> 3.7678975 | AC29: DANE
B30: MOMENTO CURSO DE VIDA | C30: AÑO 2020 | D30: AÑO 2021 | E30: AÑO 2022 | F30: AÑO 2023 | G30: AÑO 2024 | H30: AÑO 2025 | L30: TASA DE MORTALIDAD POR ENFERMEDADES TRASMISIBLES | M30: 37 | N30: =M30/C7*100000 -> 155.61911 | O30: 40 | P30: =O30/D7*100000 -> 163.75993 | Q30: 14 | R30: =Q30/E7*100000 -> 55.535721 | S30: 6 | T30: =S30/F7*100000 -> 23.02821 | U30: 6 | V30: =U30/G7*100000 -> #VALUE! | X30: =W30/H7*100000 -> 0 | Y30: =((M30+O30+Q30+S30)/4) -> 24.25 | Z30: =((N30+P30+R30+T30)/4) -> 99.485743 | AA30: =((S30+U30)/2) -> 6 | AB30: =(V30+X30)/2 -> #VALUE! | AC30: DANE
B31: POBLACION PRIMERA INFANCIA | C31: 1894 | D31: 2271 | E31: 2289 | F31: 2310 | G31: 2316 | H31: 2321 | L31: TASA DE MORTALIDAD POR VIH | M31: 0 | N31: =M31/C7*100000 -> 0 | O31: 0 | P31: =O31/D7*100000 -> 0 | Q31: 0 | R31: =Q31/E7*100000 -> 0 | S31: 0 | T31: =S31/F7*100000 -> 0 | U31: 0 | V31: =U31/G7*100000 -> #VALUE! | W31: 0 | X31: =W31/H7*100000 -> 0 | Y31: =((M31+O31+Q31+S31)/4) -> 0 | Z31: =((N31+P31+R31+T31)/4) -> 0 | AA31: =((S31+U31)/2) -> 0 | AB31: =(V31+X31)/2 -> #VALUE! | AC31: DANE
B32: POBLACIÓN INFANCIA | C32: 2147 | D32: 2185 | E32: 2243 | F32: 2312 | G32: 2372 | H32: 2435 | L32: PORCENTAJE DE PREVALENCIA VIH | M32: 2 | N32: =M32/C7*100 -> 0.0084118439 | O32: 3 | P32: =O32/D7*100 -> 0.012281995 | Q32: 4 | R32: =Q32/E7*100 -> 0.015867349 | S32: 6 | T32: =S32/F7*100 -> 0.02302821 | U32: 3 | V32: =U32/G7*100 -> #VALUE! | W32: 0 | X32: =W32/H7*100 -> 0 | Y32: =((M32+O32+Q32+S32)/4) -> 3.75 | Z32: =((N32+P32+R32+T32)/4) -> 0.014897349 | AA32: =((S32+U32)/2) -> 4.5 | AB32: =(V32+X32)/2 -> #VALUE! | AC32: SIVIGILA
B33: POBLACION ADOLESCENCIA | C33: 2231 | D33: 2240 | E33: 2272 | F33: 2311 | G33: 2356 | H33: 2403 | L33: TASA DE MORBILIDAD POR IRA | M33: 171 | N33: =M33/C7*10000 -> 71.921265 | O33: 123 | P33: =O33/D7*10000 -> 50.356178 | Q33: 254 | R33: =Q33/E7*10000 -> 100.75767 | S33: 103 | T33: =S33/F7*10000 -> 39.53176 | U33: 239 | V33: =U33/G7*10000 -> #VALUE! | W33: 136 | X33: =W33/H7*10000 -> 49.106337 | Y33: =((M33+O33+Q33+S33)/4) -> 162.75 | Z33: =((N33+P33+R33+T33)/4) -> 65.641717 | AA33: =((S33+U33)/2) -> 171 | AB33: =(V33+X33)/2 -> #VALUE! | AC33: SIVIGILA
B34: POBLACIÓN JUVENTUD | C34: 4260 | D34: 4349 | E34: 4445 | F34: 4516 | G34: 4563 | H34: 4601 | L34: TASA DE MORBILIDAD POR EDA | M34: 141 | N34: =M34/C7*10000 -> 59.303499 | O34: 121 | P34: =O34/D7*10000 -> 49.537378 | Q34: 231 | R34: =Q34/E7*10000 -> 91.63394 | S34: 114 | T34: =S34/F7*10000 -> 43.753598 | U34: 214 | V34: =U34/G7*10000 -> #VALUE! | W34: 106 | X34: =W34/H7*10000 -> 38.274057 | Y34: =((M34+O34+Q34+S34)/4) -> 151.75 | Z34: =((N34+P34+R34+T34)/4) -> 61.057104 | AA34: =((S34+U34)/2) -> 164 | AB34: =(V34+X34)/2 -> #VALUE! | AC34: SIVIGILA
B35: POBLACIÓN ADULTEZ | C35: 9588 | D35: 9935 | E35: 10358 | F35: 10798 | G35: 11253 | H35: 11695 | L35: RAZON DE MORBILIDAD MATERNA EXTREMA | M35: 11 | N35: =M35/M4*1000 -> 44 | O35: 16 | P35: =O35/O4*1000 -> 64.777328 | Q35: 13 | R35: =Q35/Q4*1000 -> 60.185185 | S35: 4 | T35: =S35/S4*1000 -> 20.942408 | U35: 11 | V35: =U35/U4*1000 -> 58.510638 | W35: 9 | X35: =W35/W4*1000 -> 87.378641 | Y35: =((M35+O35+Q35+S35)/4) -> 11 | Z35: =((N35+P35+R35+T35)/4) -> 47.47623 | AA35: =((S35+U35)/2) -> 7.5 | AB35: =(V35+X35)/2 -> 72.94464 | AC35: SIVIGILA
B36: POBLACIÓN VEJEZ | C36: 3289 | D36: 3446 | E36: 3602 | F36: 3808 | G36: 4,01 | H36: 4,24 | L36: TASA DE SIFILIS GESTACIONAL | M36: 1 | N36: =M36/M4*1000 -> 4 | O36: 0 | P36: =O36/O4*1000 -> 0 | Q36: 0 | R36: =Q36/Q4*1000 -> 0 | S36: 0 | T36: =S36/S4*1000 -> 0 | U36: 2 | V36: =U36/U4*1000 -> 10.638298 | W36: 0 | X36: =W36/W4*1000 -> 0 | Y36: =((M36+O36+Q36+S36)/4) -> 0.25 | Z36: =((N36+P36+R36+T36)/4) -> 1 | AA36: =((S36+U36)/2) -> 1 | AB36: =(V36+X36)/2 -> 5.3191489 | AC36: SIVIGILA
L37: TASA DE SIFILIS CONGENITA | M37: 0 | O37: 0 | Q37: 0 | S37: 0 | U37: 0 | W37: 0 | Y37: =((M37+O37+Q37+S37)/4) -> 0 | Z37: =((N37+P37+R37+T37)/4) -> 0 | AA37: =((S37+U37)/2) -> 0 | AB37: =(V37+X37)/2 -> 0 | AC37: SIVIGILA
L38: TASA DE ENFERMEDAD TRASMITIDA POR ALIMENTOS | M38: 0 | N38: =M38/C7*10000 -> 0 | O38: 0 | P38: =O38/E7*10000 -> 0 | Q38: 0 | R38: =Q38/E7*10000 -> 0 | S38: 0 | T38: =S38/F7*10000 -> 0 | U38: 4 | V38: =U38/G7*10000 -> #VALUE! | W38: 2 | X38: =W38/H7*10000 -> 0.72215201 | Y38: =((M38+O38+Q38+S38)/4) -> 0 | Z38: =((N38+P38+R38+T38)/4) -> 0 | AA38: =((S38+U38)/2) -> 2 | AB38: =(V38+X38)/2 -> #VALUE! | AC38: SIVIGILA
L39: TASA DE VIOLENCIA INTRAFAMILIAR Y DE GENERO INFANTIL NNAJ (0 a 19 años) | M39: 30 | N39: =M39/C17*10000 -> 40.474906 | O39: 16 | P39: =O39/D17*10000 -> 21.419009 | Q39: 25 | R39: =Q39/E17*100000 -> 329.59789 | S39: 53 | T39: =S39/F17*100000 -> 686.79539 | U39: 51 | V39: =U39/G17*100000 -> 651.17467 | W39: 35 | X39: =W39/H17*100000 -> 440.0855 | Y39: =((M39+O39+Q39+S39)/4) -> 31 | Z39: =((N39+P39+R39+T39)/4) -> 269.5718 | AA39: =((S39+U39)/2) -> 52 | AB39: =(V39+X39)/2 -> 545.63009 | AC39: SIVIGILA
L40: TASA DE VIOLENCIA SEXUAL | M40: 12 | N40: =M40/C7*100000 -> 50.471063 | O40: 8 | P40: =O40/D7*100000 -> 32.751986 | Q40: 8 | R40: =Q40/E7*100000 -> 31.734698 | S40: 28 | T40: =S40/F7*100000 -> 107.46498 | U40: 29 | V40: =U40/G7*100000 -> #VALUE! | W40: 19 | X40: =W40/H7*100000 -> 68.604441 | Y40: =((M40+O40+Q40+S40)/4) -> 14 | Z40: =((N40+P40+R40+T40)/4) -> 55.605681 | AA40: =((S40+U40)/2) -> 28.5 | AB40: =(V40+X40)/2 -> #VALUE! | AC40: SIVIGILA
L41: TASA DE APAPTVR | M41: 76 | N41: =M41/C7*10000 -> 31.965007 | O41: 69 | P41: =O41/D7*10000 -> 28.248588 | Q41: 69 | R41: =Q41/E7*10000 -> 27.371177 | S41: 52 | T41: =S41/F7*10000 -> 19.957782 | U41: 83 | V41: =U41/G7*10000 -> #VALUE! | W41: 68 | X41: =W41/H7*10000 -> 24.553168 | Y41: =((M41+O41+Q41+S41)/4) -> 66.5 | Z41: =((N41+P41+R41+T41)/4) -> 26.885638 | AA41: =((S41+U41)/2) -> 67.5 | AB41: =(V41+X41)/2 -> #VALUE! | AC41: SIVIGILA
L42: TASA DE VARICELA | M42: 5 | N42: =M42/C7*10000 -> 2.102961 | O42: 6 | P42: =O42/D7*10000 -> 2.4563989 | Q42: 11 | R42: =Q42/E7*10000 -> 4.363521 | S42: 6 | T42: =S42/F7*10000 -> 2.302821 | U42: 19 | V42: =U42/G7*10000 -> #VALUE! | W42: 11 | X42: =W42/H7*10000 -> 3.9718361 | Y42: =((M42+O42+Q42+S42)/4) -> 7 | Z42: =((N42+P42+R42+T42)/4) -> 2.8064255 | AA42: =((S42+U42)/2) -> 12.5 | AB42: =(V42+X42)/2 -> #VALUE! | AC42: SIVIGILA
L43: TASA DE VIOLENCIA DE PAREJA | M43: 39 | N43: =M43/C16*10000 -> 21.335959 | O43: 28 | P43: =O43/D16*10000 -> 14.836009 | Q43: 36 | R43: =Q43/E16*100000 -> 184.05849 | S43: 36 | T43: =S43/F16*100000 -> 177.40982 | U43: 37 | V43: =U43/G16*100000 -> 176.08985 | W43: 9 | X43: =W43/H16*100000 -> 41.392632 | Y43: =((M43+O43+Q43+S43)/4) -> 34.75 | Z43: =((N43+P43+R43+T43)/4) -> 99.410069 | AA43: =((S43+U43)/2) -> 36.5 | AB43: =(V43+X43)/2 -> 108.74124 | AC43: SIVIGILA
L44: MORTALIDAD CARDIOCIRCULATORIA | M44: 37 | N44: =M44/C7*100000 -> 155.61911 | O44: 39 | P44: =O44/D7*100000 -> 159.66593 | Q44: 49 | R44: =Q44/E7*100000 -> 194.37502 | S44: 56 | T44: =S44/F7*100000 -> 214.92996 | U44: 44 | V44: =U44/G7*100000 -> #VALUE! | X44: =W44/H7*100000 -> 0 | Y44: =((M44+O44+Q44+S44)/4) -> 45.25 | Z44: =((N44+P44+R44+T44)/4) -> 181.14751 | AA44: =((S44+U44)/2) -> 50 | AB44: =(V44+X44)/2 -> #VALUE! | AC44: SIVIGILA
L45: COBERTURA DE ATENCION INSTITUCIONAL DEL PARTO POR MEDICO | M45: 250 | N45: =M45/M4*100 -> 100 | O45: 246 | P45: =O45/O4*100 -> 99.595142 | Q45: 215 | R45: =Q45/Q4*100 -> 99.537037 | S45: 190 | T45: =S45/S4*100 -> 99.47644 | U45: 188 | V45: =U45/U4*100 -> 100 | W45: 103 | X45: =W45/W4*100 -> 100 | Y45: =((M45+O45+Q45+S45)/4) -> 225.25 | Z45: =((N45+P45+R45+T45)/4) -> 99.652155 | AA45: =((S45+U45)/2) -> 189 | AB45: =(V45+X45)/2 -> 100 | AC45: DANE RUAF
L46: ATENCION DE PARTO CON 4 O MAS CONTROLES | M46: 221 | N46: =M46/M4*100 -> 88.4 | O46: 216 | P46: =O46/O4*100 -> 87.449393 | Q46: 199 | R46: =Q46/Q4*100 -> 92.12963 | S46: 173 | T46: =S46/S4*100 -> 90.575916 | U46: 176 | V46: =U46/U4*100 -> 93.617021 | W46: 98 | X46: =W46/W4*100 -> 95.145631 | Y46: =((M46+O46+Q46+S46)/4) -> 202.25 | Z46: =((N46+P46+R46+T46)/4) -> 89.638735 | AA46: =((S46+U46)/2) -> 174.5 | AB46: =(V46+X46)/2 -> 94.381326 | AC46: DANE RUAF
L47: TASA DE ENFERMEDADES HUERFANAS | M47: 5 | N47: =M47/C7*100000 -> 21.02961 | O47: 1 | P47: =O47/D7*100000 -> 4.0939982 | Q47: 3 | R47: =Q47/E7*100000 -> 11.900512 | S47: 0 | T47: =S47/F7*100000 -> 0 | U47: 4 | V47: =U47/G7*100000 -> #VALUE! | W47: 6 | X47: =W47/H7*100000 -> 21.66456 | Y47: =((M47+O47+Q47+S47)/4) -> 2.25 | Z47: =((N47+P47+R47+T47)/4) -> 9.2560299 | AA47: =((S47+U47)/2) -> 2 | AB47: =(V47+X47)/2 -> #VALUE! | AC47: SIVIGILA
L48: TASA DE MORTALIDAD ENFERMEDAD HIPERTENSIVA | M48: 7 | N48: =M48/C7*100000 -> 29.441454 | O48: 3 | P48: =O48/D7*100000 -> 12.281995 | Q48: 8 | R48: =Q48/E7*100000 -> 31.734698 | S48: 10 | T48: =S48/F7*100000 -> 38.380349 | U48: 5 | V48: =U48/G7*100000 -> #VALUE! | X48: =W48/H7*100000 -> 0 | Y48: =((M48+O48+Q48+S48)/4) -> 7 | Z48: =((N48+P48+R48+T48)/4) -> 27.959624 | AA48: =((S48+U48)/2) -> 7.5 | AB48: =(V48+X48)/2 -> #VALUE! | AC48: DANE
L49: TASA DE MORTALIDAD POR DIABETES | M49: 3 | N49: =M49/C7*100000 -> 12.617766 | O49: 3 | P49: =O49/D7*100000 -> 12.281995 | Q49: 5 | R49: =Q49/E7*100000 -> 19.834186 | S49: 10 | T49: =S49/F7*100000 -> 38.380349 | U49: 2 | V49: =U49/G7*100000 -> #VALUE! | X49: =W49/H7*100000 -> 0 | Y49: =((M49+O49+Q49+S49)/4) -> 5.25 | Z49: =((N49+P49+R49+T49)/4) -> 20.778574 | AA49: =((S49+U49)/2) -> 6 | AB49: =(V49+X49)/2 -> #VALUE! | AC49: DANE
L50: INCIDENCIA DE LA HEPATITIS B | M50: 0 | N50: =M50/C7*100000 -> 0 | O50: 1 | P50: =O50/D7*100000 -> 4.0939982 | Q50: 1 | R50: =Q50/E7*100000 -> 3.9668372 | S50: 1 | T50: =S50/F7*100000 -> 3.8380349 | U50: 2 | V50: =U50/G7*100000 -> #VALUE! | W50: 0 | X50: =W50/H7*100000 -> 0 | Y50: =((M50+O50+Q50+S50)/4) -> 0.75 | Z50: =((N50+P50+R50+T50)/4) -> 2.9747176 | AA50: =((S50+U50)/2) -> 1.5 | AB50: =(V50+X50)/2 -> #VALUE! | AC50: SIVIGILA
L51: TASA DE INCIDENCIA DE MALARIA | M51: 0 | N51: =M51/C7*100000 -> 0 | O51: 0 | P51: =O51/D7*100000 -> 0 | Q51: 0 | R51: =Q51/E7*100000 -> 0 | S51: 0 | T51: =S51/F7*100000 -> 0 | U51: 1 | V51: =U51/G7*100000 -> #VALUE! | W51: 0 | X51: =W51/H7*100000 -> 0 | Y51: =((M51+O51+Q51+S51)/4) -> 0 | Z51: =((N51+P51+R51+T51)/4) -> 0 | AA51: =((S51+U51)/2) -> 0.5 | AB51: =(V51+X51)/2 -> #VALUE! | AC51: SIVIGILA
L52: TASA DE INCIDENCIA DE TUBERCULOSIS | M52: 3 | N52: =M52/C7*100000 -> 12.617766 | O52: 1 | P52: =O52/D7*100000 -> 4.0939982 | Q52: 0 | R52: =Q52/E7*100000 -> 0 | S52: 0 | T52: =S52/F7*100000 -> 0 | U52: 1 | V52: =U52/G7*100000 -> #VALUE! | W52: 0 | X52: =W52/H7*100000 -> 0 | Y52: =((M52+O52+Q52+S52)/4) -> 1 | Z52: =((N52+P52+R52+T52)/4) -> 4.177941 | AA52: =((S52+U52)/2) -> 0.5 | AB52: =(V52+X52)/2 -> #VALUE! | AC52: SIVIGILA
L53: TASA DE MORTALIDAD POR CANCER INFANTIL | M53: 0 | N53: =M53/C17*100000 -> 0 | O53: 0 | P53: =O53/D17*100000 -> 0 | Q53: 0 | R53: =Q53/E17*100000 -> 0 | S53: 1 | T53: =S53/F17*100000 -> 12.958404 | U53: 0 | V53: =U53/G17*100000 -> 0 | W53: 0 | X53: =W53/H17*100000 -> 0 | Y53: =((M53+O53+Q53+S53)/4) -> 0.25 | Z53: =((N53+P53+R53+T53)/4) -> 3.2396009 | AA53: =((S53+U53)/2) -> 0.5 | AB53: =(V53+X53)/2 -> 0 | AC53: DANE
L54: TASA DE MORTALIDAD PREMATURA POR DIABETES | M54: 0 | N54: =M54/C19*100000 -> 0 | O54: 0 | P54: =O54/D19*100000 -> 0 | Q54: 0 | R54: =Q54/E19*100000 -> 0 | S54: 0 | T54: =S54/F19*100000 -> 0 | U54: 1 | V54: =U54/G19*100000 -> 6.0986766 | W54: 0 | X54: =W54/H19*100000 -> 0 | Y54: =((M54+O54+Q54+S54)/4) -> 0 | Z54: =((N54+P54+R54+T54)/4) -> 0 | AA54: =((S54+U54)/2) -> 0.5 | AB54: =(V54+X54)/2 -> 3.0493383 | AC54: DANE
L55: TASA DE MORTALIDAD PREMATURA POR CANCER | M55: 5 | N55: =M55/C19*100000 -> 35.20383 | O55: 3 | P55: =O55/D19*100000 -> 20.424837 | Q55: 1 | R55: =Q55/E19*100000 -> 6.5539389 | S55: 0 | T55: =S55/F19*100000 -> 0 | U55: 1 | V55: =U55/G19*100000 -> 6.0986766 | W55: 0 | X55: =W55/H19*100000 -> 0 | Y55: =((M55+O55+Q55+S55)/4) -> 2.25 | Z55: =((N55+P55+R55+T55)/4) -> 15.545651 | AA55: =((S55+U55)/2) -> 0.5 | AB55: =(V55+X55)/2 -> 3.0493383 | AC55: DANE
L56: TASA DE LETALIDAD POR DENGUE | M56: 0 | N56: =M56/C7*100000 -> 0 | O56: 0 | P56: =O56/D7*100000 -> 0 | Q56: 0 | R56: =Q56/E7*100000 -> 0 | S56: 0 | T56: =S56/F7*100000 -> 0 | U56: 0 | V56: =U56/G7*100000 -> #VALUE! | W56: 0 | X56: =W56/H7*100000 -> 0 | Y56: =((M56+O56+Q56+S56)/4) -> 0 | Z56: =((N56+P56+R56+T56)/4) -> 0 | AA56: =((S56+U56)/2) -> 0 | AB56: =(V56+X56)/2 -> #VALUE! | AC56: DANE
L57: PORCENTAJE DE TRASMISION MATERNO INFANTIL DE HEPATITIS B | M57: 0 | N57: =M57/M4*100000 -> 0 | O57: 0 | P57: =O57/O4*100000 -> 0 | Q57: 0 | R57: =Q57/Q4*100000 -> 0 | S57: 0 | T57: =S57/S4*100000 -> 0 | U57: 0 | V57: =U57/U4*100000 -> 0 | W57: 0 | X57: =W57/W4*100000 -> 0 | Y57: =((M57+O57+Q57+S57)/4) -> 0 | Z57: =((N57+P57+R57+T57)/4) -> 0 | AA57: =((S57+U57)/2) -> 0 | AB57: =(V57+X57)/2 -> 0 | AC57: SIVIGILA
